Country,Year,Total_cases,Total_deaths,country_id,Inflation (CPI %),GDP (Current USD),GDP per Capita (Current USD),Unemployment Rate (%),"Inflation (GDP Deflator, %)",GDP Growth (% Annual),Current Account Balance (% GDP),Gross National Income (USD)
Afghanistan,2017.0,0.0,0.0,af,4.97595150553833,18753456497.8159,525.469770891619,11.184,2.40365618765746,2.6470032027451,-18.9559612272258,18961769787.4548
Afghanistan,2018.0,0.0,0.0,af,0.626149149168847,18053222687.4126,491.337221382603,11.196,2.07134857783487,1.18922812944517,-21.5852741164653,18294513957.5523
Afghanistan,2019.0,0.0,0.0,af,2.30237251516834,18799444490.1128,496.6025042585,11.185,6.52147984832531,3.91160341625552,-20.1704643881064,19080662010.7479
Afghanistan,2020.0,52330.0,2189.0,af,5.60188791482224,19955929052.1496,510.787063366811,11.71,6.9629462552564,-2.35110067203466,-15.7183027911684,20105156769.1907
Afghanistan,2021.0,105729.0,5167.0,af,5.13320340824963,14259995441.0759,356.496214115892,11.994,2.83899625081041,-20.7388393676343,-21.094817978852262,14346089107.5906
Afghanistan,2022.0,49495.0,493.0,af,13.7121023720065,14497243872.1337,357.261152798144,14.1,9.40623933931322,-6.24017199240269,-21.094817978852262,14540297385.7235
Afghanistan,2023.0,22821.0,124.0,af,-4.64470870797775,17233051620.1117,415.707417059086,13.991,2.9616535410169,2.71088679128353,-21.094817978852262,17315384702.8949
Afghanistan,2024.0,4839.0,25.0,af,-6.60118564073726,390105339658.2912,15467.688718061501,13.295,24.846301478358253,3.239167386177803,-8.538997556523418,378357326454.6325
Afghanistan,2025.0,0.0,0.0,af,2.554233037969812,16608801798.988466,1849.279733011051,11.998666666666665,1.9752454489124902,2.5462766841269335,-16.028488031906782,16769267129.542799
Albania,2017.0,0.0,0.0,al,2.06059845920226,13019726211.7369,4531.03220675893,13.616,1.45073158124514,3.80259872019053,-7.54422875202925,13051517643.6213
Albania,2018.0,0.0,0.0,al,2.02805963071135,15379509891.7196,5365.48934672897,12.304,2.9665236560994,4.01934561695576,-6.60766413996776,15361070727.3542
Albania,2019.0,0.0,0.0,al,1.41109078954251,15585105131.0644,5460.42823730592,11.466,1.00059083830071,2.06256753999989,-7.82064680790707,15383523591.8511
Albania,2020.0,57146.0,1170.0,al,1.62088661717004,15241458744.8688,5370.77862312929,11.69,0.0410649973272115,-3.31371614712083,-8.62504716701021,14991229141.5555
Albania,2021.0,151753.0,2042.0,al,2.04147163139545,18032010563.7558,6413.28328605026,11.474,3.44439880912799,8.96955339178935,-7.59590759205624,17780838454.9845
Albania,2022.0,123869.0,384.0,al,6.7252027153006,19017242585.7803,6846.42614266044,10.137,9.86157415467682,4.82668831434437,-5.87243640069213,18686023829.0718
Albania,2023.0,1828.0,8.0,al,4.75976421930106,23547179830.4413,8575.17113446213,10.108,6.06604947510885,3.93662525742167,-1.19632174783293,23246482646.2791
Albania,2024.0,2600.0,4.0,al,2.21448953273294,174110570800.40396,4075.6184190394433,10.25,7.804128684910034,2.2004297867610165,-1.3733326771250036,169493857562.1804
Albania,2025.0,19.0,0.0,al,2.554233037969812,16608801798.988466,1849.279733011051,11.998666666666665,1.9752454489124902,2.5462766841269335,-16.028488031906782,16769267129.542799
Algeria,2017.0,0.0,0.0,dz,5.59111590961664,189880896903.073,4554.66753957828,12.0,4.93800729466362,1.50000000000003,-11.6217683736912,187682164214.748
Algeria,2018.0,0.0,0.0,dz,4.26999020467084,194554483655.528,4577.21029180491,12.137,6.16467836481588,1.40000000000002,-8.68941296193565,190390454064.656
Algeria,2019.0,0.0,0.0,dz,1.95176821052892,193459662090.677,4468.45341883656,12.259,0.882992828066392,0.899999999999949,-8.76373598794007,189548593096.822
Algeria,2020.0,99311.0,2751.0,dz,2.41513094083414,164873415325.201,3743.5419522929,14.057,-4.71138391622452,-4.99999999999997,-11.0309095376359,162137110259.921
Algeria,2021.0,118726.0,3520.0,dz,7.22606307415477,186231205262.082,4160.55926736925,13.63,15.9325995891296,3.79999999999995,-2.42326388144805,182588498523.667
Algeria,2022.0,53180.0,610.0,dz,9.26551551551553,225638456572.143,4961.55257664733,12.346,22.9512626061838,3.59999999999998,8.61249001435547,220378411278.286
Algeria,2023.0,793.0,0.0,dz,9.32217375928322,247626161016.414,5364.02795022731,11.701,0.854841037372282,4.10000000000004,2.5680705576358,244041138304.928
Algeria,2024.0,197.0,0.0,dz,4.04611455313434,17395396358.9827,2127.4321130010644,11.427,2.48050947386391,2.6185256497153433,-15.716299827886287,17539118157.453766
Algeria,2025.0,214.0,0.0,dz,2.3377304814165623,17463928105.430965,2159.0784098600475,11.281999999999998,1.8251985345976802,1.9662662907300534,-16.120627383866054,17546602445.6194
American Samoa,2017.0,0.0,0.0,as,119.53150797388173,612000000.0,11863.6839452565,13.083333333333334,-1.94089005769675,-6.98757763975155,-1.6296059817875632,622312345.6790123
American Samoa,2018.0,0.0,0.0,as,119.53150797388173,639000000.0,12552.0546868861,13.083333333333334,1.69536107125778,2.6711185308848,-1.6296059817875632,622312345.6790124
American Samoa,2019.0,0.0,0.0,as,2.2504924345026236,647000000.0,12886.1359517218,1.8933333333333333,1.74828930007058,-0.487804878048777,-1.6296059817875632,647856865.6873443
American Samoa,2020.0,0.0,0.0,as,2.2504924345026236,721000000.0,14489.2586563775,1.8933333333333333,6.72878072142282,4.41176470588236,-1.6296059817875632,705494508.5454926
American Samoa,2021.0,11.0,0.0,as,11.141425013254663,750000000.0,15236.1604875571,2.5083333333333333,4.8425556863277,-0.782472613458523,-1.6296059817875632,757722529.1012077
American Samoa,2022.0,8274.0,34.0,as,2.0959830048698502,871000000.0,18017.4589383973,2.936666666666666,14.1527648578811,1.73501577287065,-15.637565605385428,856686992.4378175
American Samoa,2023.0,74.0,0.0,as,2.554233037969812,16608801798.988466,1849.279733011051,11.998666666666665,1.9752454489124902,2.5462766841269335,-16.028488031906782,16769267129.542799
American Samoa,2024.0,0.0,0.0,as,2.554233037969812,16608801798.988466,1849.279733011051,11.998666666666665,1.9752454489124902,2.5462766841269335,-16.028488031906782,16769267129.542799
American Samoa,2025.0,0.0,0.0,as,2.554233037969812,16608801798.988466,1849.279733011051,11.998666666666665,1.9752454489124902,2.5462766841269335,-16.028488031906782,16769267129.542799
Andorra,2017.0,0.0,0.0,ad,119.53150797388173,3000162081.11976,40672.9943348258,5.546666666666667,1.13650934319639,0.346071889630295,-1.6296059817875637,2953553182.1016235
Andorra,2018.0,0.0,0.0,ad,3.33150480787511,3218419896.9641,42819.7745797624,3.821,1.01247848005298,1.58876549046354,-1.6296059817875632,3140859047.261787
Andorra,2019.0,0.0,0.0,ad,102.42421495064927,3155149347.80639,41257.8045846483,10.288333333333332,1.37475350829189,2.01554763848308,18.0104704758856,3462352923.13403
Andorra,2020.0,7983.0,84.0,ad,2.0959830048698502,2891001149.3611,37361.0900666982,2.936666666666666,1.11378607410401,-11.1839399355384,15.5264308539605,3268595543.70399
Andorra,2021.0,15139.0,56.0,ad,4.4386560510922335,3324647529.381,42425.6996756291,4.816333333333334,2.5588606935971,8.28677879049404,15.0218009387808,3576595365.25519
Andorra,2022.0,24629.0,18.0,ad,2.3189913240468765,3380612573.32922,42414.0590092117,5.908333333333334,4.23665226454663,9.56461225648184,11.643445126406,3715466876.22408
Andorra,2023.0,264.0,1.0,ad,3.5009614842725765,3785067331.7625,46812.4484486309,19.766000000000002,6.29560082401824,2.58355480961319,14.2213228058781,3544371063.588623
Andorra,2024.0,0.0,0.0,ad,2.554233037969812,16608801798.988466,1849.279733011051,11.998666666666665,1.9752454489124902,2.5462766841269335,-16.028488031906782,16769267129.542799
Andorra,2025.0,0.0,0.0,ad,2.554233037969812,16608801798.988466,1849.279733011051,11.998666666666665,1.9752454489124902,2.5462766841269335,-16.028488031906782,16769267129.542799
Angola,2017.0,0.0,0.0,ao,29.8444799015679,73690154990.7312,2437.25971190821,16.61,22.6145140271114,-0.147212941085755,-0.858821843953161,69161228469.8929
Angola,2018.0,0.0,0.0,ao,19.6289379701521,79450688259.3664,2538.59139143371,16.594,28.1670932554891,-1.31636168896895,9.31723397425301,73313113234.0482
Angola,2019.0,0.0,0.0,ao,17.080954143438,70897962732.0277,2189.85571407618,16.497,19.1870038271785,-0.702272957616017,7.24618124732477,64488157749.3216
Angola,2020.0,17433.0,405.0,ao,22.271539247051,48501561203.5686,1449.92286669308,16.69,10.7631052824799,-5.63821471714934,1.797710856441,44145038180.9309
Angola,2021.0,59354.0,1352.0,ao,25.7542948841891,66505129987.7235,1925.87466082167,15.799,38.8237218374918,1.19921052145153,12.6297800641592,61051288255.8458
Angola,2022.0,28308.0,173.0,ao,21.3552901320822,104399746853.401,2929.69445467272,14.602,13.7105940226231,3.04472652391918,11.2671532788355,96358693004.0163
Angola,2023.0,1833.0,7.0,ao,13.6441017767715,84824654481.7249,2308.15976731274,14.537,17.6195377226942,1.00128936028298,4.93369978468039,76758270166.8651
Angola,2024.0,559.0,0.0,ao,28.2404948915772,170399070970.07272,4118.6517339046,14.464,9.469120786382435,1.8175956863047718,-3.3041732200028537,166961510329.8563
Angola,2025.0,0.0,0.0,ao,2.554233037969812,16608801798.988466,1849.279733011051,11.998666666666665,1.9752454489124902,2.5462766841269335,-16.028488031906782,16769267129.542799
Antigua and Barbuda,2017.0,0.0,0.0,ag,2.43248789041363,1531151851.85185,16924.7894487758,2.061666666666667,0.312054499370376,2.46333336590416,-7.7154739119248,1455000000.0
Antigua and Barbuda,2018.0,0.0,0.0,ag,1.20715793367008,1661529629.62963,18273.4270684912,2.061666666666667,1.46029012290431,6.95318609219737,-13.9937660480859,1584474074.07407
Antigua and Barbuda,2019.0,0.0,0.0,ag,1.43135598182984,1725351851.85185,18884.3729680383,5.546666666666667,0.718452311457611,3.10044514982847,-6.50941783211153,1653655555.55556
Antigua and Barbuda,2020.0,158.0,5.0,ag,0.625989707046719,1410796296.2963,15360.4544160475,4.195,0.800069551909715,-18.8803992026325,-15.5756632582072,1404996296.2963
Antigua and Barbuda,2021.0,4137.0,114.0,ag,2.06299638545334,1601366666.66667,17340.3790692554,12.005,4.91376057826946,8.1917184618173,-17.7899425259443,1546348148.14815
Antigua and Barbuda,2022.0,4811.0,27.0,ag,7.53107834634288,1867733333.33333,20117.7653310355,9.841333333333333,6.49885619566375,9.51639564359461,-15.6164808799734,1777470370.37037
Antigua and Barbuda,2023.0,0.0,0.0,ag,5.06713865364213,2033085185.18518,21787.1017315914,17.171,4.80547577274675,3.86201218730389,-13.33181701592,1940100000.0
Antigua and Barbuda,2024.0,0.0,0.0,ag,2.554233037969812,16608801798.988466,1849.279733011051,11.998666666666665,1.9752454489124902,2.5462766841269335,-16.028488031906782,16769267129.542799
Antigua and Barbuda,2025.0,0.0,0.0,ag,2.554233037969812,16608801798.988466,1849.279733011051,11.998666666666665,1.9752454489124902,2.5462766841269335,-16.028488031906782,16769267129.542799
Argentina,2017.0,0.0,0.0,ar,119.53150797388173,643628393281.364,14532.5009308511,8.347,26.0063792819079,2.81850297775918,-4.83995921807391,627200463933.824
Argentina,2018.0,0.0,0.0,ar,-0.11352718495665985,524819892360.176,11752.7998922979,9.22,42.0336689575031,-2.61739646282038,-5.16055257152294,506094045059.703
Argentina,2019.0,0.0,0.0,ar,-0.11352718495665985,447754683615.225,9955.97478680428,9.843,49.1955790596612,-2.00086100285785,-0.779998447561849,430166792070.565
Argentina,2020.0,1674319.0,48271.0,ar,75.08227162314866,385740508436.965,8535.59938004389,11.461,40.0830878011993,-9.9004848136464,0.696935361136032,375344057341.93
Argentina,2021.0,4106203.0,69905.0,ar,87.17806780221933,486564085480.036,10738.0179223384,8.736,53.8020877665554,10.4418119882506,1.36154422203441,476802271007.631
Argentina,2022.0,4110617.0,11948.0,ar,87.17806780221933,632790070063.124,13935.6811110049,6.805,69.8760842459268,5.26987967384072,-0.640820188045601,621165221747.635
Argentina,2023.0,153818.0,348.0,ar,3.22912160535742,646075277525.125,14187.4827252965,6.139,135.368876310592,-1.61100162090189,-3.24351254822955,632729881149.353
Argentina,2024.0,65805.0,264.0,ar,2.1890535213174633,13495122566044.4,9622.104070651132,7.876,3.0063766728526233,6.54915845982896,0.8089904127730444,13456066031704.865
Argentina,2025.0,4457.0,54.0,ar,1.98043915591935,538734323085.5884,12080.425203317762,9.136666666666667,39.07854243302407,-0.5999181626396833,-3.5935034123862333,521153767021.36395
Armenia,2017.0,0.0,0.0,am,0.969553268816138,11527458709.0158,3869.05373867752,17.704,2.15064189848613,7.50000000164144,-1.260724020147,11933013892.6253
Armenia,2018.0,0.0,0.0,am,2.52023382001638,12457940694.7395,4196.00562301769,18.966,2.78770951425761,5.19999999965324,-7.2281230237955,12658281183.7745
Armenia,2019.0,0.0,0.0,am,1.44344660770698,13619290539.2116,4597.22887399548,18.304,1.06562263923419,7.59999999853918,-7.05686573000043,13807148386.5538
Armenia,2020.0,159409.0,2823.0,am,1.21143577838465,12641698583.2152,4268.68093304583,18.175,1.80659270159933,-7.19999999920631,-3.99777390668494,12439008672.029
Armenia,2021.0,185521.0,5149.0,am,7.18483629443371,13878908628.9378,4685.17997128509,15.469,6.90051365787157,5.80000000065645,-3.47997395796116,13479935696.4488
Armenia,2022.0,100690.0,738.0,am,8.64091108973855,19513506553.1251,6571.97445545099,13.379,7.98587852828175,12.5999999997766,0.331693235139525,18991671827.7595
Armenia,2023.0,5806.0,65.0,am,1.98041877615554,24085749592.3359,8053.01066312345,13.245,2.67300354889213,8.29999999959539,-2.3097864408313,23434106610.7827
Armenia,2024.0,2644.0,9.0,am,0.269511978259125,174110570800.40396,4075.6184190394433,13.329,7.804128684910034,2.2004297867610165,-1.3733326771250036,169493857562.1804
Armenia,2025.0,649.0,1.0,am,14.919256523489253,170399070970.07272,4118.6517339046,13.437,9.469120786382435,1.8175956863047718,-3.3041732200028537,166961510329.8563
Aruba,2017.0,0.0,0.0,aw,-1.02828178762012,3092429050.27933,28440.051963759,3.821,-3.17816679833555,7.04853338603499,1.11979544978693,2921801005.58659
Aruba,2018.0,0.0,0.0,aw,3.62604141352961,3276184357.5419,30082.1276448186,2.061666666666667,3.46202953211427,2.39708527621045,-0.591367072740339,3061556895.54345
Aruba,2019.0,0.0,0.0,aw,4.25746204335428,3395798882.68156,31096.2050738676,18.293000000000003,6.01781611792313,-2.23244039160568,2.49710965476204,3242394120.10797
Aruba,2020.0,5373.0,49.0,aw,4.524283155684923,2481857122.8401,22855.9323200761,6.785333333333333,-0.951473042327038,-26.2118207828803,-12.7507541445433,2413701726.62848
Aruba,2021.0,13648.0,132.0,aw,2.8469919374264294,2929446578.25104,27200.0610793969,4.134,-4.91262490390014,24.1326273569798,2.70553036523941,2824767104.28028
Aruba,2022.0,24839.0,99.0,aw,2.3189913240468765,3279343543.60416,30559.5335346581,5.908333333333334,3.15727939363973,8.51791810517545,7.03054716243499,3154132445.31878
Aruba,2023.0,364.0,12.0,aw,3.1467316312234868,3648573136.15155,33984.7906198041,9.324,6.70946117676064,4.26371941452948,5.33080727344514,3332806320.74332
Aruba,2024.0,0.0,0.0,aw,2.554233037969812,16608801798.988466,1849.279733011051,11.998666666666665,1.9752454489124902,2.5462766841269335,-16.028488031906782,16769267129.542799
Aruba,2025.0,0.0,0.0,aw,2.554233037969812,16608801798.988466,1849.279733011051,11.998666666666665,1.9752454489124902,2.5462766841269335,-16.028488031906782,16769267129.542799
Australia,2017.0,0.0,0.0,au,1.94864740944527,1325582658156.54,53901.7145392154,5.592,3.65318441813451,2.27959179820343,-3.00161155039194,1289235106327.62
Australia,2018.0,0.0,0.0,au,1.91140094445691,1427809041019.44,57196.4220783778,5.3,1.86901478899458,2.87846971467883,-2.56116066582786,1382739590115.65
Australia,2019.0,0.0,0.0,au,1.61076787290379,1392723834562.64,54972.7017885437,5.159,3.46820261012924,2.17154505737176,-0.0207105142276053,1345853874492.3
Australia,2020.0,28381.0,920.0,au,0.846905537459305,1328414058378.38,51791.540179984,6.456,1.88550119010648,-0.119590735829973,1.87433748291951,1298368829650.52
Australia,2021.0,338226.0,1523.0,au,2.86391042204994,1556735770437.26,60607.7788605166,5.116,3.0799498600023,2.11116814768786,2.61066078948374,1539273615554.95
Australia,2022.0,10418952.0,16467.0,au,6.59409671341846,1690858246994.43,64997.0136536475,3.728,7.17553361510235,4.24238555336139,0.337521409077968,1626539969365.68
Australia,2023.0,935976.0,5434.0,au,5.5970149253731,1728057316695.61,64820.9117890026,3.668,6.51199894950456,3.44199220009025,-0.300085449771847,1653703105439.57
Australia,2024.0,139626.0,892.0,au,3.1616142830575,9606983880559.14,11412.249776319424,4.072,46.718441451308756,3.6964243217560466,-0.7830620930560356,9568855851435.852
Australia,2025.0,0.0,0.0,au,2.554233037969812,16608801798.988466,1849.279733011051,11.998666666666665,1.9752454489124902,2.5462766841269335,-16.028488031906782,16769267129.542799
Austria,2017.0,0.0,0.0,at,2.08126911385587,414926138132.691,47163.7425775142,5.561,0.975317709275998,2.27225012037459,1.24444591726667,413348647948.824
Austria,2018.0,0.0,0.0,at,1.9983798142954,452582294972.775,51194.0749841299,4.933,1.81048023343624,2.48422086689928,0.908176708238319,450535680731.058
Austria,2019.0,0.0,0.0,at,1.53089564152644,442983642371.842,49885.9947355204,4.56,1.47368476959242,1.7549764558533,2.38423045289808,443323100627.45
Austria,2020.0,352657.0,7379.0,at,1.38191063351862,434397601557.696,48716.4098900349,5.201,2.59313274910787,-6.31825528670208,3.3513779974929,439547216701.013
Austria,2021.0,911872.0,9318.0,at,2.7666666666667,480467037338.783,53648.7190742245,6.459,1.92612910926519,4.79532910551458,1.71589946789047,486755828420.147
Austria,2022.0,4436317.0,4937.0,at,8.5468699318845,471773629830.381,52176.6649141178,4.992,4.75477834804261,5.27789421203715,-0.829086609771728,470636395218.873
Austria,2023.0,381324.0,900.0,at,7.81413417002832,511685203845.001,56033.573792065,5.264,6.64765341628686,-0.954962366849259,1.32556377170149,510079146471.293
Austria,2024.0,876.0,0.0,at,2.93791574279383,170399070970.07272,4118.6517339046,5.439,9.469120786382435,1.8175956863047718,-3.3041732200028537,166961510329.8563
Austria,2025.0,255.0,0.0,at,3.7310721881079387,75562525362.76717,1857.1581772841673,11.459999999999999,3.13767068671865,1.7787437773967667,-17.3876679057941,74979482653.2517
Azerbaijan,2017.0,0.0,0.0,az,12.9359184187335,40866627351.9817,4147.1981423222,5.0,16.1724003104411,0.199999938958655,4.12208960991814,39321618331.876
Azerbaijan,2018.0,0.0,0.0,az,2.26854690373999,47112470051.7701,4739.7943123408,4.9,12.1848769569655,1.49999999999999,12.6823769245212,44853080880.9559
Azerbaijan,2019.0,0.0,0.0,az,2.61057182799215,48174235294.1176,4805.75371765917,5.0,-0.241307927446329,2.50000006743734,8.70455620187564,46318529411.7647
Azerbaijan,2020.0,216584.0,2575.0,az,2.75980947008127,42693000000.0,4229.91064904503,7.24,-7.39596582740913,-4.30000010230737,-0.740874280795449,42422882352.9412
Azerbaijan,2021.0,399768.0,5771.0,az,6.65029912708779,54825411764.7059,5408.04535175023,6.04,21.5888241949245,5.61645102853028,14.9620003998682,53687352941.1765
Azerbaijan,2022.0,209959.0,1662.0,az,13.8522590144267,78807470588.2353,7770.594223351,5.65,37.2705611565603,4.71480236521231,29.7916946512237,73522647058.8235
Azerbaijan,2023.0,7943.0,345.0,az,8.78543049849081,72356176470.5882,7125.90858368611,5.636,-9.20663944963042,1.12397432709641,11.5116198869156,69275529411.7647
Azerbaijan,2024.0,2244.0,0.0,az,2.21217188919901,174110570800.40396,4075.6184190394433,5.594,7.804128684910034,2.2004297867610165,-1.3733326771250036,169493857562.1804
Azerbaijan,2025.0,12.0,0.0,az,2.554233037969812,16608801798.988466,1849.279733011051,11.998666666666665,1.9752454489124902,2.5462766841269335,-16.028488031906782,16769267129.542799
Bahrain,2017.0,0.0,0.0,bh,1.38671830576406,37204813829.7872,24784.7693514607,1.194,4.61583421430929,4.95383534123657,-4.30051876437292,35215186170.2128
Bahrain,2018.0,0.0,0.0,bh,2.08766938046978,39567978723.4043,26324.4066549559,1.2,4.21271352571605,2.05258864979861,-6.15289066217848,37491914893.617
Bahrain,2019.0,0.0,0.0,bh,1.00582004702137,40446808510.6383,27259.7438599327,1.223,0.164802199458762,2.05287774418655,-1.96409784324041,38186170212.766
Bahrain,2020.0,92425.0,352.0,bh,-2.31770629331379,35837632978.7234,24342.8444554718,1.781,-5.8288484641256,-5.9113629524152,-9.05383693445987,33378590425.5319
Bahrain,2021.0,188981.0,1042.0,bh,-0.60631938514085,40840212765.9574,27147.8083882286,1.541,9.20840263580602,4.35004091668986,6.37213530677418,38312287234.0426
Bahrain,2022.0,415208.0,142.0,bh,3.62574104304482,46680398936.1702,30616.2610677495,1.326,7.84929462083215,5.98130282177125,14.6497544700467,44717632978.7234
Bahrain,2023.0,0.0,0.0,bh,0.0746206782192256,46079867021.2766,29218.8605634137,1.154,-4.14375165818939,2.9807927665851,5.85823757664046,43472420212.766
Bahrain,2024.0,0.0,0.0,bh,0.919635459817651,16608801798.988466,1849.279733011051,1.102,1.9752454489124902,2.5462766841269335,-16.028488031906782,16769267129.542799
Bahrain,2025.0,0.0,0.0,bh,2.554233037969812,16608801798.988466,1849.279733011051,11.998666666666665,1.9752454489124902,2.5462766841269335,-16.028488031906782,16769267129.542799
Bangladesh,2017.0,0.0,0.0,bd,5.70207015717239,293732446624.596,1811.08221668646,4.372,5.04759758203714,6.59024999794057,-2.03756600416726,303873962973.372
Bangladesh,2018.0,0.0,0.0,bd,5.54362139486476,321362752441.78,1965.24372731467,4.407,5.80553876704575,7.31941263014136,-2.20783912081883,334213984192.582
Bangladesh,2019.0,0.0,0.0,bd,5.59199639930629,351231654603.692,2129.79896954606,4.441,3.65813755162172,7.88191515117722,-0.839485005371137,365618637342.157
Bangladesh,2020.0,513510.0,7559.0,bd,5.69107474746211,373979442362.193,2248.85078828233,5.436,3.84106338588026,3.44801755122445,0.31894044196432,389459167662.235
Bangladesh,2021.0,1072029.0,20513.0,bd,5.54565430773473,416271647911.014,2482.84917843357,5.327,4.1211747067957,6.93867912442445,-3.78969259910934,438182167775.955
Bangladesh,2022.0,451586.0,1368.0,bd,7.69695437176898,460131688909.301,2716.48592677835,4.593,5.04902187883131,7.09982877575158,-3.81010813185136,478360553569.206
Bangladesh,2023.0,9167.0,37.0,bd,9.8835030377921,437415331040.994,2551.01772674142,4.454,6.89712404003441,5.77511237007889,-1.64602615306365,454873454272.724
Bangladesh,2024.0,5253.0,22.0,bd,10.4657482763412,538734323085.5884,12080.425203317762,4.68,39.07854243302407,-0.5999181626396833,-3.5935034123862333,521153767021.36395
Bangladesh,2025.0,730.0,32.0,bd,14.919256523489253,170399070970.07272,4118.6517339046,13.437,9.469120786382435,1.8175956863047718,-3.3041732200028537,166961510329.8563
Barbados,2017.0,0.0,0.0,bb,4.66018463955996,5517340450.0,19692.7606711615,8.622,3.36727197112887,0.12844600157031,-5.37207753716545,5293593650.0
Barbados,2018.0,0.0,0.0,bb,3.67381410406801,5629916200.0,20055.915870771,8.322,3.25265217777908,-1.17406509373819,-15.031885873789927,5389916200.0
Barbados,2019.0,0.0,0.0,bb,4.10028964518461,5788288000.0,20583.7265786414,8.412,2.14644727501501,0.652585417698418,-15.031885873789927,5521288000.0
Barbados,2020.0,372.0,7.0,bb,3.31507474925785,5168344450.0,18347.1109131055,9.777,5.1139219922773,-15.0543629495892,-8.067993974795943,5101344450.0
Barbados,2021.0,27938.0,253.0,bb,3.605575900452987,5275242050.0,18696.7858952957,9.433,2.32921875143295,-0.254965880216531,-21.094817978852262,5179242050.0
Barbados,2022.0,77205.0,308.0,bb,3.0331364700151067,6257303500.0,22164.0260273876,8.365,0.664976976473824,17.8328630251327,-21.094817978852262,6091303500.0
Barbados,2023.0,2279.0,25.0,bb,9.79207077126447,6720733200.0,23804.0249914995,7.878,3.18212980720116,4.09382010970572,-17.565051545445744,6453733200.0
Barbados,2024.0,1043.0,0.0,bb,9.519130481890453,174110570800.40396,4075.6184190394433,7.529,7.804128684910034,2.2004297867610165,-1.3733326771250036,169493857562.1804
Barbados,2025.0,245.0,0.0,bb,3.7310721881079387,75562525362.76717,1857.1581772841673,11.459999999999999,3.13767068671865,1.7787437773967667,-17.3876679057941,74979482653.2517
Belarus,2017.0,0.0,0.0,by,6.03183725177793,54725302249.8088,5785.53397723676,5.648,8.62294196692545,2.53218350022975,-1.74032844195636,52669765496.9979
Belarus,2018.0,0.0,0.0,by,4.87230220550684,60031173807.7196,6360.05310087258,4.763,12.1397170957777,3.14919759375005,0.0381468469587966,57861187726.0003
Belarus,2019.0,0.0,0.0,by,5.59815595039854,64410122847.3508,6837.76832136779,4.165,8.57664221529303,1.44645547691826,-1.93416802348366,62499831005.415
Belarus,2020.0,192361.0,1414.0,by,5.54814357456511,61371755326.2351,6542.8645398436,4.049,11.8776975676281,-0.672742950624155,-0.290687465352215,58875118002.111
Belarus,2021.0,505239.0,4147.0,by,9.46028389623103,69673747131.87,7489.71894713888,3.9,15.3264196397445,2.43886212396819,3.0672484923844,67115938432.45
Belarus,2022.0,296437.0,1557.0,by,15.209675274081,73775179924.603,7994.64806074889,3.574,14.8848623664839,-4.65839591573591,3.56177663896649,70678268154.2972
Belarus,2023.0,0.0,0.0,by,5.0005990309131,71857382745.6066,7829.05313660622,3.461,7.36823053571227,3.88624214456901,-1.53623779859627,69352182752.257
Belarus,2024.0,8.0,0.0,by,5.78531910428,16608801798.988466,1849.279733011051,3.361,1.9752454489124902,2.5462766841269335,-16.028488031906782,16769267129.542799
Belarus,2025.0,7.0,0.0,by,2.554233037969812,16608801798.988466,1849.279733011051,11.998666666666665,1.9752454489124902,2.5462766841269335,-16.028488031906782,16769267129.542799
Belgium,2017.0,0.0,0.0,be,2.12597086002607,500908767351.53,44035.3239358548,7.09,1.98316339488014,1.47446765653092,0.702363722625537,507373706788.236
Belgium,2018.0,0.0,0.0,be,2.05316499865186,542638913427.921,47487.2100392561,5.941,1.71728226802716,1.87796857219402,-0.874098516086552,548107677571.921
Belgium,2019.0,0.0,0.0,be,1.43681956996429,536726344405.489,46716.6227467964,5.364,1.85424074414335,2.44289006648609,0.123098549898876,541049419119.999
Belgium,2020.0,645277.0,19638.0,be,0.740791812220344,529694473501.791,45906.2875805246,5.545,1.59611666393067,-4.79298389726264,0.874586400402743,531671614966.383
Belgium,2021.0,1451435.0,8679.0,be,2.44024851144084,598494036474.409,51655.7883303715,6.248,2.7426355945688,6.20255401586081,1.86556031631373,607143534636.037
Belgium,2022.0,2588192.0,5002.0,be,9.597511728725,593438820508.173,50807.2047084918,5.57,6.84397975156924,4.2334318336917,-1.18476181705959,592448849483.465
Belgium,2023.0,163841.0,1020.0,be,4.04901077613941,644782756682.756,54700.9093236712,5.528,4.508102848783,1.25170063203595,-0.698394105629197,648332611927.33
Belgium,2024.0,43995.0,0.0,be,3.14349136500041,4580437681793.296,25498.041639802905,5.488,4.7007941362323,2.9048082988528825,1.4376141619057368,4563375346238.664
Belgium,2025.0,7484.0,0.0,be,1.5689846304538282,1132340030819.1145,41876.879182814766,6.413,10.50952616301233,2.658854830213813,-3.46757714476457,1099725053459.0312
Belize,2017.0,0.0,0.0,bz,1.14765339305816,2266300000.0,6072.58267640581,6.596,3.03291030935591,-1.81285354051658,-6.97326171926515,2141050850.0
Belize,2018.0,0.0,0.0,bz,0.269982622646335,2293250000.0,6031.28139580144,7.896,0.0777284726732006,1.11057125008675,-6.57557614826683,2137006450.0
Belize,2019.0,0.0,0.0,bz,0.187069385181424,2388300000.0,6190.04792278445,9.053,-0.11783540640397,4.26763689618086,-7.73126092549567,2224796150.0
Belize,2020.0,10668.0,241.0,bz,0.121434644614894,2042850000.0,5227.19363786168,10.784,-0.652000223707887,-13.9029100645218,-6.26182966146403,1984213900.0
Belize,2021.0,21399.0,356.0,bz,3.23563659237071,2420550000.0,6122.61158580079,10.322,0.630768469073601,17.7461701205679,-6.52200388988279,2342620000.0
Belize,2022.0,37879.0,91.0,bz,6.27689319447544,2846700000.0,7068.45478269722,8.763,7.25244797063618,9.65297772389758,-8.27503903869997,2712767600.0
Belize,2023.0,1437.0,0.0,bz,4.38984017487675,3066850000.0,7459.99815132837,8.267,6.50970161380764,1.14901682065862,-0.644343657641841,2955666850.0
Belize,2024.0,47.0,0.0,bz,3.28955985952768,16608801798.988466,1849.279733011051,7.0,1.9752454489124902,2.5462766841269335,-16.028488031906782,16769267129.542799
Belize,2025.0,61.0,0.0,bz,2.554233037969812,16608801798.988466,1849.279733011051,11.998666666666665,1.9752454489124902,2.5462766841269335,-16.028488031906782,16769267129.542799
Benin,2017.0,0.0,0.0,bj,0.0432648555103608,12701655845.9612,1054.97408141687,1.659,-0.367897725119164,5.67156195150444,-4.18078963717339,12669871043.6437
Benin,2018.0,0.0,0.0,bj,0.919170717886054,14262408079.7014,1151.74096952152,1.41,0.670447614217636,6.69725362180888,-4.54919534814523,14207330367.8221
Benin,2019.0,0.0,0.0,bj,0.732849371240975,14391686309.033,1130.82135304977,1.214,-0.39755379308734,6.86568662848335,-3.99948140523511,14320887673.9726
Benin,2020.0,3251.0,44.0,bj,3.02272119663769,15651545208.8783,1197.50136428063,1.502,2.87803228859791,3.84879240030133,-1.75041319714608,15530454408.4527
Benin,2021.0,21793.0,117.0,bj,1.73353962694036,17690083519.9323,1318.83497843483,1.779,1.61872506665755,7.1554516457574,-4.15294312049827,17500751811.6482
Benin,2022.0,2942.0,2.0,bj,1.35077863583527,17401746309.2655,1264.70765976655,1.685,4.13878000011482,6.25324491401346,-6.00907083608035,17221911302.5535
Benin,2023.0,50.0,0.0,bj,2.73102465280233,19676049075.7011,1394.37330217623,1.657,3.38546435195668,6.35282160914288,-10.877131741185003,19472109623.1218
Benin,2024.0,0.0,0.0,bj,2.554233037969812,16608801798.988466,1849.279733011051,1.722,1.9752454489124902,2.5462766841269335,-16.028488031906782,16769267129.542799
Benin,2025.0,0.0,0.0,bj,2.554233037969812,16608801798.988466,1849.279733011051,11.998666666666665,1.9752454489124902,2.5462766841269335,-16.028488031906782,16769267129.542799
Bermuda,2017.0,0.0,0.0,bm,3.33150480787511,7142316000.0,112339.425587467,3.821,-0.094833735989738,3.61141983706115,13.1637987135115,7435279000.0
Bermuda,2018.0,0.0,0.0,bm,3.33150480787511,7225977000.0,113204.82210838,3.821,1.6111169764896,-0.432801300339307,12.3021020474022,7460410000.0
Bermuda,2019.0,0.0,0.0,bm,3.33150480787511,7423465000.0,115798.040775578,3.821,2.41935194490377,0.306266735233933,11.2979726598327,7524540000.0
Bermuda,2020.0,595.0,10.0,bm,17.59365011445288,6887147000.0,106973.175732348,9.398000000000001,-0.409804359592485,-6.84286964270544,12.3977262345857,7090229000.0
Bermuda,2021.0,5736.0,96.0,bm,4.524283155684923,7286607000.0,112712.025120653,6.785333333333333,0.361400030497762,5.41909484048358,13.2058418881567,7597926000.0
Bermuda,2022.0,12291.0,47.0,bm,4.478747161092923,7827980000.0,120897.311155385,8.129666666666667,0.938226826481198,6.43113399633694,-21.094817978852262,8251538000.0
Bermuda,2023.0,238.0,12.0,bm,2.5727493874880465,8141700000.0,125841.602522489,11.611666666666666,4.10639245421443,-0.0948235929642749,-7.4824423241871925,8484520219.03967
Bermuda,2024.0,0.0,0.0,bm,2.554233037969812,16608801798.988466,1849.279733011051,11.998666666666665,1.9752454489124902,2.5462766841269335,-16.028488031906782,16769267129.542799
Bermuda,2025.0,0.0,0.0,bm,2.554233037969812,16608801798.988466,1849.279733011051,11.998666666666665,1.9752454489124902,2.5462766841269335,-16.028488031906782,16769267129.542799
Bhutan,2017.0,0.0,0.0,bt,4.95508366985129,2591358009.79792,3435.28804814561,3.016,4.34963395991817,2.08684525771005,-20.8546965569122,2378534601.6088
Bhutan,2018.0,0.0,0.0,bt,2.72396386183713,2583335721.20625,3400.20417159422,3.35,1.15086273454624,3.50187183723874,-18.5091514022686,2363147137.61236
Bhutan,2019.0,0.0,0.0,bt,2.72643037388832,2735683570.28851,3576.87987077877,2.72,3.10800839980718,5.75514850618227,-18.3062679873896,2506135794.93877
Bhutan,2020.0,670.0,0.0,bt,5.62936522632508,2457604334.15915,3191.66907031782,5.03,5.28737431504244,-10.2183974073689,-15.5091108675254,2314749742.56461
Bhutan,2021.0,1990.0,3.0,bt,7.3468144053353,2768802959.60794,3570.61257915864,4.803,7.62801338690346,4.42136740220592,-11.5313120563647,2612193375.43686
Bhutan,2022.0,59871.0,18.0,bt,5.6391667139637,2898227743.13545,3711.32767902157,5.947,5.7948551929732,5.21386781145085,-27.8005472550438,2747666950.51647
Bhutan,2023.0,166.0,0.0,bt,4.22934419929251,16608801798.988466,1849.279733011051,3.126,1.9752454489124902,2.5462766841269335,-31.8999932885676,16769267129.542799
Bhutan,2024.0,0.0,0.0,bt,2.76131569624098,16608801798.988466,1849.279733011051,2.856,1.9752454489124902,2.5462766841269335,-16.028488031906782,16769267129.542799
Bhutan,2025.0,494.0,0.0,bt,14.919256523489253,170399070970.07272,4118.6517339046,13.437,9.469120786382435,1.8175956863047718,-3.3041732200028537,166961510329.8563
Bosnia and Herzegovina,2017.0,0.0,0.0,ba,0.810133321953039,18326373366.1105,5345.01985489192,20.527,1.77870702677497,3.24410095889466,-4.77878210545296,18174627640.6011
Bosnia and Herzegovina,2018.0,0.0,0.0,ba,1.41710814018034,20484053868.9246,6047.84584261133,18.4,2.79162490401892,3.82749920546897,-3.23063057976363,20366478392.9849
Bosnia and Herzegovina,2019.0,0.0,0.0,ba,0.56278215406123,20482608755.379,6122.3753450882,15.692,2.47150468459363,2.88734334414875,-2.59691882108326,20448097002.6662
Bosnia and Herzegovina,2020.0,110985.0,4050.0,ba,-1.0512960076349,20226036564.4129,6130.31133245161,15.868,0.0621425496305932,-3.01509514759861,-2.83951861702088,20112988928.17
Bosnia and Herzegovina,2021.0,179486.0,9378.0,ba,1.98163900587622,23672712242.2149,7295.3438240957,14.897,4.96460441570017,7.38996234012757,-1.47528685104269,23371644756.9735
Bosnia and Herzegovina,2022.0,110622.0,2806.0,ba,14.0208440826771,24534663636.1778,7655.59421024383,12.657,11.8088401064015,4.22681101095546,-4.39236523811558,24213156434.1057
Bosnia and Herzegovina,2023.0,2415.0,146.0,ba,6.1059011284828,27514782476.0406,8638.66620201187,10.668,6.76270435629395,2.21112447211205,-2.32154773990836,27355539704.4997
Bosnia and Herzegovina,2024.0,641.0,24.0,ba,1.69212733599724,170399070970.07272,4118.6517339046,10.723,9.469120786382435,1.8175956863047718,-3.3041732200028537,166961510329.8563
Bosnia and Herzegovina,2025.0,140.0,2.0,ba,2.554233037969812,16608801798.988466,1849.279733011051,11.998666666666665,1.9752454489124902,2.5462766841269335,-16.028488031906782,16769267129.542799
Botswana,2017.0,0.0,0.0,bw,3.30828076768219,16105155856.7708,7104.96401088027,19.664,-2.64991927643297,4.1143636634186,5.58580913830414,14738582295.4656
Botswana,2018.0,0.0,0.0,bw,3.23801558947715,17031943186.1353,7407.95940141786,19.681,0.0571969585408283,4.18809355373698,0.392946349031096,15447818705.438
Botswana,2019.0,0.0,0.0,bw,2.77286442863321,16725908148.5481,7172.08956480028,20.094,0.507585435653098,3.0322025744566,-6.90505478190798,16776578168.9193
Botswana,2020.0,14637.0,43.0,bw,1.8903591682421,14960291105.9316,6323.31419156209,21.017,4.37899382741232,-8.72875252639037,-10.1670468011302,14982287847.9697
Botswana,2021.0,207416.0,2409.0,bw,7.24097765588442,18750946600.1423,7808.20623956293,23.106,8.38144972399829,11.9206365085117,-1.67769059498,18787565212.2463
Botswana,2022.0,105978.0,334.0,bw,11.665567478802,20321958850.0363,8329.04032229144,23.615,14.6175509748138,5.48602817797183,-1.1422212637765,20355187597.7055
Botswana,2023.0,2386.0,14.0,bw,5.0676154934383,19396084498.0084,7820.23240375076,23.381,2.12467971961613,2.73379817032757,-0.601807749300507,19439625488.6886
Botswana,2024.0,282.0,1.0,bw,2.81835131676251,152086838139.10095,3481.388420232403,23.138,2.732168173231121,2.749001067581723,-9.336553014427066,150228357435.71027
Botswana,2025.0,0.0,0.0,bw,2.554233037969812,16608801798.988466,1849.279733011051,11.998666666666665,1.9752454489124902,2.5462766841269335,-16.028488031906782,16769267129.542799
Brazil,2017.0,0.0,0.0,br,3.44637335032669,2063514977334.32,10080.5092817775,12.792,3.67138451275035,1.32286905404399,-1.22429925770861,2024937440938.73
Brazil,2018.0,0.0,0.0,br,3.66485028376729,1916933898038.36,9300.66164936497,12.329,4.49353433137021,1.783666761634,-2.8075200859069,1863630987992.04
Brazil,2019.0,0.0,0.0,br,3.73297621216894,1873288205186.45,9029.83326742175,11.936,4.22425886899158,1.22077782360842,-3.46989581411662,1822994396029.28
Brazil,2020.0,7563551.0,192681.0,br,3.21176803803376,1476107231194.11,7074.19378281866,13.697,6.47249960755747,-3.2767587964736,-1.68778805337408,1445311140486.1
Brazil,2021.0,14700283.0,426136.0,br,8.30165975585673,1670647399034.67,7972.53665048385,13.158,13.047270877833,4.76260437908608,-2.41876568208583,1618525227638.81
Brazil,2022.0,14038581.0,74917.0,br,9.28010608956873,1951923942083.32,9281.33334441234,9.231,8.5702819532232,3.01669435393015,-2.15975658541159,1897850563345.64
Brazil,2023.0,1209506.0,8382.0,br,4.59356282283204,2173665655937.27,10294.866680778,7.947,4.65899475870381,2.90848048667777,-1.28505422213659,2107810132248.65
Brazil,2024.0,14890.0,81.0,br,4.36746407652337,1360601919184.7866,54296.55893252574,7.634,2.4692334657451904,1.679490259017429,-1.22947824443343,1323447842031.2634
Brazil,2025.0,310372.0,1127.0,br,5.018701886702466,2499712341289.277,23234.000712146168,4.117333333333334,2.4428914816088536,4.20061492697431,-0.6148263068698939,2457556410939.553
British Virgin Islands,2017.0,0.0,0.0,vg,2.554233037969812,16608801798.988466,1849.279733011051,11.998666666666665,1.9752454489124902,2.5462766841269335,-16.028488031906782,16769267129.542799
British Virgin Islands,2018.0,0.0,0.0,vg,2.554233037969812,16608801798.988466,1849.279733011051,11.998666666666665,1.9752454489124902,2.5462766841269335,-16.028488031906782,16769267129.542799
British Virgin Islands,2019.0,0.0,0.0,vg,2.554233037969812,16608801798.988466,1849.279733011051,11.998666666666665,1.9752454489124902,2.5462766841269335,-16.028488031906782,16769267129.542799
British Virgin Islands,2020.0,93.0,1.0,vg,2.554233037969812,16608801798.988466,1849.279733011051,11.998666666666665,1.9752454489124902,2.5462766841269335,-16.028488031906782,16769267129.542799
British Virgin Islands,2021.0,3163.0,38.0,vg,8.304974315166662,325359736259.8343,7401.56288279705,11.528333333333334,14.826919347324795,2.6399307793474,0.8872703747474265,315999957468.539
British Virgin Islands,2022.0,4049.0,25.0,vg,4.394074037728466,472024815552.65137,10549.776257792104,9.756,22.964963092261097,1.4337021716462797,-2.4774804106536834,459111882432.81836
British Virgin Islands,2023.0,115.0,0.0,vg,2.554233037969812,16608801798.988466,1849.279733011051,11.998666666666665,1.9752454489124902,2.5462766841269335,-16.028488031906782,16769267129.542799
British Virgin Islands,2024.0,223.0,0.0,vg,3.7310721881079387,75562525362.76717,1857.1581772841673,11.459999999999999,3.13767068671865,1.7787437773967667,-17.3876679057941,74979482653.2517
British Virgin Islands,2025.0,17.0,0.0,vg,2.554233037969812,16608801798.988466,1849.279733011051,11.998666666666665,1.9752454489124902,2.5462766841269335,-16.028488031906782,16769267129.542799
Brunei Darussalam,2017.0,0.0,0.0,bn,-1.2605056462896,12128168046.7827,28024.3824618568,9.316,4.95526868232284,1.32872651318183,16.362218549166,12848588413.0535
Brunei Darussalam,2018.0,0.0,0.0,bn,1.02505179290212,13566908401.1864,30988.1190497851,8.7,9.21562481534343,0.0523710544736673,6.92823103255275,13650753317.0042
Brunei Darussalam,2019.0,0.0,0.0,bn,-0.390522069165529,13469235348.2211,30426.5730284202,6.6,-3.33372764830381,3.86884416432889,6.6355550353942,13830321068.3291
Brunei Darussalam,2020.0,157.0,3.0,bn,1.94031996607184,12005799664.2691,26834.3592463839,7.409,-10.8637594994,1.13357340605403,4.27887461849894,12367544184.6478
Brunei Darussalam,2021.0,15317.0,58.0,bn,1.73341388450593,14006496614.3195,31006.9636220576,4.905,15.4659284363945,-1.59076248075436,11.2102930222649,14096167229.2218
Brunei Darussalam,2022.0,254725.0,87.0,bn,3.68225030604216,16681536442.5498,36632.9280421411,5.191,24.2367266802876,-1.62833154022366,19.5667136669754,16311908985.256
Brunei Darussalam,2023.0,60577.0,23.0,bn,0.35706431153689,15128292980.8638,32962.9065121916,5.183,-12.8961956287324,1.40706832327938,12.8504475659062,15322324609.6574
Brunei Darussalam,2024.0,19639.0,11.0,bn,-0.388674165036461,1769620977917.0203,23724.237037042156,5.144,3.3501400114090134,0.995648359949339,-0.719160620232,1728979086193.7634
Brunei Darussalam,2025.0,135.0,0.0,bn,2.554233037969812,16608801798.988466,1849.279733011051,11.998666666666665,1.9752454489124902,2.5462766841269335,-16.028488031906782,16769267129.542799
Bulgaria,2017.0,0.0,0.0,bg,2.06159619443141,59309748166.1179,8381.88134621669,6.164,4.81312131224342,2.74592644707793,3.23867502289839,57855803153.6995
Bulgaria,2018.0,0.0,0.0,bg,2.81454473824829,66289266348.6504,9436.14479876055,5.211,4.25525729817191,2.5494643471818,0.572868008529003,63875378298.4119
Bulgaria,2019.0,0.0,0.0,bg,3.10372944796781,68631726289.2794,9838.60058985384,4.23,5.23548704810747,3.78885036478003,1.65493433053486,66479976532.5396
Bulgaria,2020.0,197384.0,7123.0,bg,1.67244096855756,70716821234.5967,10198.5388313404,5.125,4.34103862385629,-3.21573743445016,0.362007221946166,68161899199.9066
Bulgaria,2021.0,536498.0,23405.0,bg,3.29774435299515,84417951260.8091,12274.0775950496,5.267,6.96662433933332,7.78061481406978,-1.03358348191171,81048510007.8612
Bulgaria,2022.0,546735.0,7508.0,bg,15.3252589264366,90642851835.8996,13644.201582807,4.268,15.9183596891222,4.03877758301681,-2.60246666143146,85735292882.524
Bulgaria,2023.0,42961.0,594.0,bg,9.44284140088564,102407653020.606,15885.5391311331,4.319,7.98419924336682,1.88681483907177,0.90586003354001,97396787109.0727
Bulgaria,2024.0,14655.0,132.0,bg,2.44651943006079,1360601919184.7866,54296.55893252574,4.104,2.4692334657451904,1.679490259017429,-1.22947824443343,1323447842031.2634
Bulgaria,2025.0,1122.0,5.0,bg,9.519130481890453,174110570800.40396,4075.6184190394433,12.746,7.804128684910034,2.2004297867610165,-1.3733326771250036,169493857562.1804
Burkina Faso,2017.0,0.0,0.0,bf,1.48299897161325,14106955615.3442,709.091535894695,4.656,1.41629727998107,6.20348941121868,-6.35349497520963,13577334630.1408
Burkina Faso,2018.0,0.0,0.0,bf,1.95594302672523,15890066221.2882,777.465618514048,4.695,1.07396688968345,6.60456906812341,-4.18372491409563,15387936815.3249
Burkina Faso,2019.0,0.0,0.0,bf,-3.2333893398333,16032813503.3707,764.853077774946,4.71,0.51290051556127,5.88920497068135,-3.26728197882863,15326465624.9088
Burkina Faso,2020.0,6707.0,85.0,bf,1.88443993781991,17725010532.5268,825.237038782475,5.04,6.46559578788029,2.01077262406221,4.1931251239965,17105876297.3224
Burkina Faso,2021.0,10925.0,233.0,bf,3.65353287214209,19697516284.3787,895.535288442991,5.2,0.112863112943955,6.94252492572348,0.392208859644244,18774177401.4576
Burkina Faso,2022.0,4391.0,77.0,bf,14.2902354303358,18820218690.5948,836.118304593682,5.389,5.88896511236759,1.4972397409897,-7.45988627329846,18029664976.7055
Burkina Faso,2023.0,86.0,5.0,bf,0.742910428668841,20324617844.5265,882.689810086163,5.348,1.99804752407688,2.96018147384929,-5.00471780899738,19484760476.5981
Burkina Faso,2024.0,55.0,0.0,bf,4.19113446375394,16608801798.988466,1849.279733011051,5.166,1.9752454489124902,2.5462766841269335,-16.028488031906782,16769267129.542799
Burkina Faso,2025.0,52.0,0.0,bf,2.554233037969812,16608801798.988466,1849.279733011051,11.998666666666665,1.9752454489124902,2.5462766841269335,-16.028488031906782,16769267129.542799
Burundi,2017.0,0.0,0.0,bi,16.0525353030392,2723586962.84034,236.694472592753,1.247,11.4491826066034,0.500001262429279,-13.7155221555246,2725061087.87066
Burundi,2018.0,0.0,0.0,bi,-2.81469807668465,2667182199.51333,224.89939239264,1.146,-2.85085930198137,1.60993542127714,-14.5912293655985,2672837528.12331
Burundi,2019.0,0.0,0.0,bi,-0.686772170797359,2576518879.82353,210.236494521532,1.043,0.851867434051655,1.81256532401552,-15.2431972553408,2583934017.97374
Burundi,2020.0,818.0,2.0,bi,7.32110643415521,2649680261.44299,210.008139902508,1.03,5.9665023314011,0.327156892638385,-13.008651673299,2664225062.41347
Burundi,2021.0,29732.0,12.0,bi,8.40453845076341,2775798697.46022,214.091455416133,1.118,8.51671971494707,3.09999999870627,-14.1897728146803,2783915268.94475
Burundi,2022.0,21612.0,1.0,bi,18.8008786664945,3338722827.65691,250.634225368744,0.915,18.3317223148693,1.84899943948213,-18.6289555009173,3352709390.52411
Burundi,2023.0,2299.0,0.0,bi,26.9414835762453,2642161668.85211,193.007145564804,0.921,11.3760314899613,2.70000059705133,-23.6774820885107,2647964583.69545
Burundi,2024.0,108.0,0.0,bi,20.2124925027847,16608801798.988466,1849.279733011051,0.902,1.9752454489124902,2.5462766841269335,-16.028488031906782,16769267129.542799
Burundi,2025.0,0.0,0.0,bi,2.554233037969812,16608801798.988466,1849.279733011051,11.998666666666665,1.9752454489124902,2.5462766841269335,-16.028488031906782,16769267129.542799
Cabo Verde,2017.0,0.0,0.0,cv,0.784415251101334,1996741544.61574,3893.09572292025,12.24,1.2969136763507,4.5513148102974,-6.9931164719733,1935686294.99785
Cabo Verde,2018.0,0.0,0.0,cv,1.25699566690509,2205099509.15987,4294.96510456428,12.17,1.70417119144814,3.70696458310842,-4.40170435637594,2158337754.05916
Cabo Verde,2019.0,0.0,0.0,cv,1.10666674296063,2252177133.74705,4380.7811916403,12.128,0.694871191088424,6.94782634051859,-0.968698562598978,2210013290.2012
Cabo Verde,2020.0,11793.0,112.0,cv,0.605795808395385,1821565617.6945,3539.22662027109,14.69,0.366160426431094,-20.8052758990735,-15.6834304654253,1780621620.7181
Cabo Verde,2021.0,28945.0,240.0,cv,1.86215297494647,2051842609.64558,3971.4440744985,13.976,1.34990112558344,7.03353010694514,-12.2149777326852,2023485052.31295
Cabo Verde,2022.0,22462.0,60.0,cv,7.93092925430087,2247003347.63376,4323.31362665974,12.246,6.34319040438669,15.843675684642,-3.48336677710103,2218471843.46829
Cabo Verde,2023.0,1274.0,5.0,cv,3.72437517668748,2533819406.4916,4850.98415849643,11.971,3.79259432080659,5.47543591649173,-2.54316234258702,2503977288.77574
Cabo Verde,2024.0,0.0,0.0,cv,2.554233037969812,16608801798.988466,1849.279733011051,11.878,1.9752454489124902,2.5462766841269335,-16.028488031906782,16769267129.542799
Cabo Verde,2025.0,0.0,0.0,cv,2.554233037969812,16608801798.988466,1849.279733011051,11.998666666666665,1.9752454489124902,2.5462766841269335,-16.028488031906782,16769267129.542799
Cambodia,2017.0,0.0,0.0,kh,2.91263557371478,29355665909.7905,1826.35391688754,0.141,2.07650709154852,8.07503915535979,-6.15664205071234,28215504535.8122
Cambodia,2018.0,0.0,0.0,kh,2.45908515380146,33145892168.8958,2036.67377566578,0.13,3.81658094506807,8.77622376224463,-8.73582304512043,31820166406.6153
Cambodia,2019.0,0.0,0.0,kh,1.94257500833107,36685356407.7206,2225.87705485686,0.119,2.79255741070172,7.93695013588524,-7.99991923360397,35040667434.0951
Cambodia,2020.0,366.0,0.0,kh,2.9402951426397,34818073901.4851,2081.73914242939,0.172,-0.824281402832511,-3.55572193406549,-1.00006150750614,33712316726.7631
Cambodia,2021.0,120127.0,3012.0,kh,2.92073477592949,36790163687.4421,2167.40324198499,0.396,2.64573403501885,3.08984284148661,-29.6082488651911,35300301362.1232
Cambodia,2022.0,18085.0,44.0,kh,5.34370264895437,39994532959.6074,2325.03050040841,0.231,3.51502483143302,5.10336888677125,-18.9575920517337,38444130462.4415
Cambodia,2023.0,436.0,0.0,kh,2.12746796594194,42335646895.7984,2429.74853452838,0.225,1.06309607242758,4.96006658918908,1.30468362030439,41383539142.8578
Cambodia,2024.0,312.0,0.0,kh,6.629747058146063,152086838139.10095,3481.388420232403,0.27,2.732168173231121,2.749001067581723,-9.336553014427066,150228357435.71027
Cambodia,2025.0,0.0,0.0,kh,2.554233037969812,16608801798.988466,1849.279733011051,11.998666666666665,1.9752454489124902,2.5462766841269335,-16.028488031906782,16769267129.542799
Cameroon,2017.0,0.0,0.0,cm,0.64040914988195,36098547033.1655,1496.08951771242,3.568,1.02514116066253,3.54117654926007,-2.63102845264373,35436388520.4124
Cameroon,2018.0,0.0,0.0,cm,1.0688581131292,39955552189.795,1610.69641591017,3.601,1.89699162266248,3.95551423892049,-3.52725517847681,39216305348.0458
Cameroon,2019.0,0.0,0.0,cm,2.45280214062732,39667757527.6578,1555.22660476477,3.622,1.16977181911541,3.47505998194981,-4.27316997253143,38825035814.2222
Cameroon,2020.0,26848.0,448.0,cm,2.43760882182236,40773241177.0505,1555.60370660749,3.87,0.705572037621721,0.259932915907115,-3.70931267651988,39933227702.4352
Cameroon,2021.0,82818.0,1405.0,cm,2.27185762503637,45011937346.8384,1672.32657340872,3.973,2.92103933375591,3.33885747179505,-3.98670897608133,44281229347.6822
Cameroon,2022.0,14327.0,112.0,cm,6.24767713343861,44347206072.5513,1604.87726954895,3.653,6.83105473248673,3.7367840056412,-3.39397488391441,43241972760.9174
Cameroon,2023.0,1144.0,9.0,cm,7.38281384280984,49279410982.826,1736.86091073524,3.613,4.65972285962381,3.24834497823876,-4.09678323983015,48343641930.7095
Cameroon,2024.0,142.0,0.0,cm,2.554233037969812,16608801798.988466,1849.279733011051,3.518,1.9752454489124902,2.5462766841269335,-16.028488031906782,16769267129.542799
Cameroon,2025.0,38.0,0.0,cm,2.554233037969812,16608801798.988466,1849.279733011051,11.998666666666665,1.9752454489124902,2.5462766841269335,-16.028488031906782,16769267129.542799
Canada,2017.0,0.0,0.0,ca,1.59688412852977,1649265644244.09,45129.628116623,6.426,2.57101465425282,3.03383490260789,-2.8034274767599,1628291572163.23
Canada,2018.0,0.0,0.0,ca,2.26822567248103,1725329192783.02,46539.1761570405,5.837,1.6511181981862,2.74296343112555,-2.38507161087906,1695996608536.1
Canada,2019.0,0.0,0.0,ca,1.94926902411593,1743725183672.52,46352.8693445211,5.69,1.54607075438069,1.9084319253883,-1.95170274818579,1722945761061.66
Canada,2020.0,565504.0,15274.0,ca,0.716999632307827,1655684730000.19,43537.839298904,9.657,1.07081026807496,-5.03823344128351,-2.01049352658992,1643688332920.87
Canada,2021.0,1536966.0,14684.0,ca,3.39519318527528,2007472181464.15,52496.8441693242,7.527,7.66486542253131,5.28695689105889,-0.0221263171245921,1990214506517.52
Canada,2022.0,2390310.0,18813.0,ca,6.80280115341613,2161483369422.01,55509.393176404,5.279,7.65381992676227,3.81986633913397,-0.29227644014174,2133340105142.4
Canada,2023.0,281456.0,5670.0,ca,3.87900159788426,2142470914401.36,53431.1857063879,5.415,1.5347101132531,1.24892730403391,-0.642444781908559,2112732605610.04
Canada,2024.0,44819.0,841.0,ca,2.38158383281173,4580437681793.296,25498.041639802905,6.45,4.7007941362323,2.9048082988528825,1.4376141619057368,4563375346238.664
Canada,2025.0,0.0,0.0,ca,2.554233037969812,16608801798.988466,1849.279733011051,11.998666666666665,1.9752454489124902,2.5462766841269335,-16.028488031906782,16769267129.542799
Cayman Islands,2017.0,0.0,0.0,ky,3.33150480787511,5166281305.12522,80053.9444506891,3.821,1.98679824630499,3.18404592334522,-16.8690569421759,3460458641.83457
Cayman Islands,2018.0,0.0,0.0,ky,3.33150480787511,5530178440.71376,83865.5531568184,3.821,2.66279949920632,4.26726745249641,-16.7723987613564,3860560522.24209
Cayman Islands,2019.0,0.0,0.0,ky,3.33150480787511,5941896607.58643,88254.2903677044,3.821,3.39631203940991,3.91563534249416,-10.8861308298588,4403860295.44118
Cayman Islands,2020.0,326.0,2.0,ky,11.897046848981455,5655358021.43209,82338.7982853661,11.719333333333333,0.139369732138746,-4.95480640759244,-14.6320063569896,3861758367.03347
Cayman Islands,2021.0,8492.0,9.0,ky,2.2479734989015836,6060026520.10608,86438.445257404,2.936666666666666,2.1453321619356,4.90492941270442,-13.1056399843482,4668860955.44382
Cayman Islands,2022.0,22654.0,26.0,ky,1.2441610749546097,6600843963.37585,92202.1478031576,4.780333333333333,3.58324759973381,5.15632954248333,-9.80587517058896,4360315001.26
Cayman Islands,2023.0,0.0,0.0,ky,3.33150480787511,7139428557.71423,97749.5078960846,3.821,3.64092096854627,4.35967595700366,-1.6296059817875632,7194188738.0195
Cayman Islands,2024.0,0.0,0.0,ky,2.554233037969812,16608801798.988466,1849.279733011051,11.998666666666665,1.9752454489124902,2.5462766841269335,-16.028488031906782,16769267129.542799
Cayman Islands,2025.0,0.0,0.0,ky,2.554233037969812,16608801798.988466,1849.279733011051,11.998666666666665,1.9752454489124902,2.5462766841269335,-16.028488031906782,16769267129.542799
Central African Republic,2017.0,0.0,0.0,cf,4.18072331871267,2072349972.6818,432.324025684263,5.534,6.44370628779525,4.52727821346231,-15.031885873789927,2177935587.59112
Central African Republic,2018.0,0.0,0.0,cf,1.61215686991555,2220979146.11241,455.243962859534,5.517,-1.22411715845705,3.78944359275462,-15.031885873789927,2386745438.20748
Central African Republic,2019.0,0.0,0.0,cf,2.68537355266787,2221301351.43918,449.228467602439,5.607,2.32783705140642,3.09999999999999,-15.031885873789927,2386023468.72084
Central African Republic,2020.0,5818.0,63.0,cf,1.71015659523153,2326720900.38047,462.879071294011,6.785333333333333,1.98216055627785,0.899999996857062,-17.565051545445744,2456787984.44726
Central African Republic,2021.0,6636.0,38.0,cf,4.25936417542868,2516498412.46384,492.263142830507,6.375,3.18576646900353,0.982919996264229,-15.637565605385428,2688202219.11078
Central African Republic,2022.0,2906.0,12.0,cf,5.58316735183247,2382618615.01694,467.359825026238,5.956,5.9679244498741,0.502110003427035,-17.565051545445744,2509339923.99743
Central African Republic,2023.0,80.0,0.0,cf,2.97913852618937,2555492085.24831,495.978897153068,5.877,3.39995299007134,0.870251450842758,-15.031885873789927,2706537361.94048
Central African Republic,2024.0,3.0,0.0,cf,2.554233037969812,16608801798.988466,1849.279733011051,5.899,1.9752454489124902,2.5462766841269335,-16.028488031906782,16769267129.542799
Central African Republic,2025.0,43.0,0.0,cf,2.554233037969812,16608801798.988466,1849.279733011051,11.998666666666665,1.9752454489124902,2.5462766841269335,-16.028488031906782,16769267129.542799
Chad,2017.0,0.0,0.0,td,-1.53709962980849,10000394381.0177,640.117048532702,1.116,0.0282519135155042,-2.98869598553931,-15.031885873789927,9869508104.40075
Chad,2018.0,0.0,0.0,td,4.27462198610545,11239167898.3395,695.642393675941,1.135,5.01465777807508,2.37403780037786,-15.031885873789927,11075018517.4464
Chad,2019.0,0.0,0.0,td,-0.971939175419317,11314951091.7283,678.142035723965,1.084,2.85603411987745,3.24718191743429,-1.6296059817875632,11140998348.157
Chad,2020.0,2077.0,105.0,td,4.4641443723286,10715396042.3343,622.095543396442,1.707,-5.45489640763718,-1.60000673705524,-17.565051545445744,10561570203.5702
Chad,2021.0,3624.0,76.0,td,-0.772844370359139,11779981332.8631,660.747192555507,1.548,7.16657628897821,-1.16918700397552,-17.565051545445744,11605895381.7118
Chad,2022.0,1949.0,13.0,td,5.78802687843616,12396807588.4082,671.720147647873,1.096,15.145121891457,2.80434074839411,-1.3453003840429094,12212890617.6323
Chad,2023.0,48.0,0.0,td,10.8363568399842,13149325362.3347,680.639877912029,1.074,-0.936604165489314,4.12231962001739,-10.877131741185003,12956602270.3902
Chad,2024.0,4.0,0.0,td,8.89950732263761,16608801798.988466,1849.279733011051,1.088,1.9752454489124902,2.5462766841269335,-16.028488031906782,16769267129.542799
Chad,2025.0,0.0,0.0,td,2.554233037969812,16608801798.988466,1849.279733011051,11.998666666666665,1.9752454489124902,2.5462766841269335,-16.028488031906782,16769267129.542799
Chile,2017.0,0.0,0.0,cl,2.18271846868519,276154259987.103,14879.9086230423,7.257,4.82819188168904,1.35769537797211,-2.75779980861257,265419010571.047
Chile,2018.0,0.0,0.0,cl,2.43488981353057,295857562991.709,15659.4808675628,7.623,1.59019973757384,3.99002947521676,-4.48367554775236,283731132095.716
Chile,2019.0,0.0,0.0,cl,2.55754475703327,278285058719.466,14495.716721687,7.493,2.56778721379496,0.634367533828438,-5.21244978814831,267848366678.638
Chile,2020.0,605950.0,16499.0,cl,3.04549084804326,254042159309.311,13114.815470545,10.934,9.66572269693961,-6.14347479224092,-1.94941123362021,238186960905.052
Chile,2021.0,1198732.0,22597.0,cl,4.52456838259144,315515014838.539,16216.5706467899,9.281,6.9147558846894,11.3339570691911,-7.2777100504384,297670042257.932
Chile,2022.0,3227670.0,24053.0,cl,11.643866711056,302116539409.03,15451.1319576678,8.249,7.91378346570282,2.05874008095333,-8.65956531568217,287702182743.647
Chile,2023.0,300625.0,-922.0,cl,7.58168251407962,335533331669.219,17067.8136150601,9.013,6.59951204566833,0.218780666901552,-3.54630560751511,318450116063.725
Chile,2024.0,76988.0,633.0,cl,4.29763891572524,13495122566044.4,9622.104070651132,9.056,3.0063766728526233,6.54915845982896,0.8089904127730444,13456066031704.865
Chile,2025.0,224.0,15.0,cl,3.7310721881079387,75562525362.76717,1857.1581772841673,11.459999999999999,3.13767068671865,1.7787437773967667,-17.3876679057941,74979482653.2517
China,2017.0,0.0,0.0,cn,1.59313600071436,12310491333980.9,8817.04560829162,4.47,4.2326819752236,6.94720079331685,1.53264496925769,12294360421956.4
China,2018.0,0.0,0.0,cn,2.07479039965576,13894907857880.6,9905.40638304527,4.31,3.49974763567195,6.7497738324959,0.173667284672295,13833878513962.5
China,2019.0,0.0,0.0,cn,2.89923416358227,14279968506271.7,10143.8602206165,4.56,1.28670040766232,5.95050075367413,0.720658984389148,14239959159195.7
China,2020.0,96673.0,4788.0,cn,2.41942189457782,14687744162801.0,10408.7195541075,5.0,0.49249391805742,2.23863835634639,1.69417196526513,14570138553468.0
China,2021.0,35398.0,911.0,cn,0.981015135544882,17820459508852.2,12617.5051041181,4.55,4.55232657897571,8.44846941687277,1.98022814428178,17696312719649.2
China,2022.0,84792971.0,46845.0,cn,1.97357555739051,17881782683707.3,12662.5826712038,4.98,1.82367710735865,2.95066992959268,2.47947458572128,17728564563900.7
China,2023.0,14397685.0,69349.0,cn,0.234836828893051,17794783039552.0,12614.0617416421,4.67,-0.582393794026771,5.24955786387791,1.42169348613261,17645270585286.7
China,2024.0,58852.0,498.0,cn,0.218128938439177,13495122566044.4,9622.104070651132,4.571,3.0063766728526233,6.54915845982896,0.8089904127730444,13456066031704.865
China,2025.0,182.0,7.0,cn,2.554233037969812,16608801798.988466,1849.279733011051,11.998666666666665,1.9752454489124902,2.5462766841269335,-16.028488031906782,16769267129.542799
Colombia,2017.0,0.0,0.0,co,4.31431325695011,311866875156.879,6479.53231292429,9.086,5.13373589963346,1.35936086788746,-3.18224191114871,306527532488.183
Colombia,2018.0,0.0,0.0,co,3.24056932930569,334198218098.276,6816.96818309544,9.36,4.63057967327826,2.56432428277704,-4.20138344687968,325924723780.778
Colombia,2019.0,0.0,0.0,co,3.52301932741447,323031701192.84,6472.54544924705,10.28,4.00262054293638,3.18685539245533,-4.58427517266059,315981529469.142
Colombia,2020.0,1614822.0,42620.0,co,2.52663500084706,270348342541.465,5339.68711357943,15.983,1.48172462037553,-7.18591413760859,-3.42772945914236,267833501944.668
Colombia,2021.0,3523781.0,87246.0,co,3.49505757399448,318524633225.395,6222.62164397614,13.898,7.80211309545884,10.8011981904878,-5.6351694946032,313509201762.482
Colombia,2022.0,1206512.0,12313.0,co,10.1772313546166,345329875078.512,6674.59601948063,10.547,14.8665745551143,7.2888838865514,-6.14606090715928,337877677468.28
Colombia,2023.0,20879.0,548.0,co,11.7359044948689,363493841244.303,6947.35928681966,9.594,6.33605731984103,0.610409565791542,-2.37230770483043,359767496425.645
Colombia,2024.0,28708.0,0.0,co,6.60908593728228,9177937750079.96,23504.664057106962,9.608,3.2059769336673436,4.525794629994259,1.193549912283165,9142202588523.14
Colombia,2025.0,6579.0,64.0,co,1.5689846304538282,1132340030819.1145,41876.879182814766,6.413,10.50952616301233,2.658854830213813,-3.46757714476457,1099725053459.0312
Comoros,2017.0,0.0,0.0,km,3.1554234201128772,1077439756.59451,1423.9248027797,4.03,0.40249413511539,3.81576287682401,-2.13204216493526,1082473390.9003
Comoros,2018.0,0.0,0.0,km,3.1554234201128772,1188797449.38584,1540.71132257526,3.942,1.8356679398124,3.6424511379732,-2.83225012492641,1195077463.01975
Comoros,2019.0,0.0,0.0,km,3.1554234201128772,1195019531.9011,1519.26386436068,3.934,4.20910596809098,1.76078023923176,-3.33166140326131,1200664052.32512
Comoros,2020.0,695.0,9.0,km,2.874073751791293,1225039196.61091,1527.16991011916,4.471,0.669668394306555,-0.195556827149787,-1.79978941327919,1229785123.82979
Comoros,2021.0,5820.0,148.0,km,4.524283155684923,1296089479.91978,1584.12450153608,4.394,0.169479511384438,2.00016198933761,-0.314473575359912,1302397963.15498
Comoros,2022.0,2470.0,3.0,km,1.565391133397025,1242519407.77603,1489.49566257969,3.816,4.94193319951842,2.60301031927843,-0.422370445048612,1248694701.42531
Comoros,2023.0,124.0,0.0,km,1.9849016146681826,1352380971.24055,1590.31237688317,3.776,2.91808886046567,2.99567457175966,-1.82059800297231,1355203003.61301
Comoros,2024.0,0.0,0.0,km,2.554233037969812,16608801798.988466,1849.279733011051,3.875,1.9752454489124902,2.5462766841269335,-16.028488031906782,16769267129.542799
Comoros,2025.0,0.0,0.0,km,2.554233037969812,16608801798.988466,1849.279733011051,11.998666666666665,1.9752454489124902,2.5462766841269335,-16.028488031906782,16769267129.542799
Costa Rica,2017.0,0.0,0.0,cr,1.62590692991732,60516044656.5206,12317.0902771304,7.729,2.8588837280198,4.1576989627609,-3.61676636348474,57350348728.7643
Costa Rica,2018.0,0.0,0.0,cr,2.22111461526581,62420164991.5374,12590.2493781614,9.01,2.19247842793764,2.6159044043379,-2.99153112578977,59042419843.9842
Costa Rica,2019.0,0.0,0.0,cr,2.09604635327807,64417670521.3545,12884.6859951989,10.807,2.56679211746589,2.41751181762513,-1.19007304662517,60575320937.0316
Costa Rica,2020.0,166799.0,2156.0,cr,0.724911478131376,62395610760.0492,12394.0493969492,16.432,0.772593247062218,-4.27335432161462,-1.0451399398849,58780239945.3654
Costa Rica,2021.0,404161.0,5198.0,cr,1.72647755109241,64960725734.1965,12838.1185358931,15.139,2.37413082580539,7.93576224743147,-3.17593347841436,60786873652.2023
Costa Rica,2022.0,595882.0,1731.0,cr,8.27477490232654,69243626028.5936,13625.9008491328,11.325,6.28038513680281,4.55149177958398,-3.28139915247024,64292147817.5435
Costa Rica,2023.0,63710.0,281.0,cr,0.525193508693455,86497941439.0174,16942.0268119375,8.325,-0.087922596921004,5.11192183224598,-1.4326435676152,80477795958.8812
Costa Rica,2024.0,5317.0,8.0,cr,-0.41345934225229,538734323085.5884,12080.425203317762,7.848,39.07854243302407,-0.5999181626396833,-3.5935034123862333,521153767021.36395
Costa Rica,2025.0,3047.0,12.0,cr,8.304974315166662,325359736259.8343,7401.56288279705,11.528333333333334,14.826919347324795,2.6399307793474,0.8872703747474265,315999957468.539
Croatia,2017.0,0.0,0.0,hr,1.12937210282347,56186190437.9959,13902.6310485422,11.208,1.23163897621677,3.28095812140658,4.05033996072394,56015572345.4034
Croatia,2018.0,0.0,0.0,hr,1.50012501041756,61668130122.5878,15460.4183295843,8.432,2.02559756591751,2.90468149344008,1.21879362311209,61012800387.368
Croatia,2019.0,0.0,0.0,hr,0.771820346498019,61467582193.6824,15563.8167397199,6.617,1.98838183285723,3.10043911443758,2.63940414879378,61266599944.4728
Croatia,2020.0,208446.0,3860.0,hr,0.154811374562106,57963370885.0798,14808.4620188819,7.507,0.803359807884533,-8.31164257884687,-0.79471642197724,58907901172.2404
Croatia,2021.0,501232.0,8633.0,hr,2.55450699642041,69006802298.6956,17789.9304736722,7.608,2.08111752959877,12.6317003277712,0.807872377612066,68667460258.3253
Croatia,2022.0,553839.0,5090.0,hr,10.7805806758686,71198635101.9514,18466.0955472648,6.96,8.01280669780672,7.28793643206565,-3.68078262891498,70919879052.4689
Croatia,2023.0,46211.0,1104.0,hr,7.9412817758683,84393795502.4421,21865.4562838641,6.086,11.7403306343319,3.30254488086325,0.753574362369111,84099779090.4756
Croatia,2024.0,44248.0,97.0,hr,3.960960979686435,4580437681793.296,25498.041639802905,5.236,4.7007941362323,2.9048082988528825,1.4376141619057368,4563375346238.664
Croatia,2025.0,8418.0,11.0,hr,1.5689846304538282,1132340030819.1145,41876.879182814766,6.413,10.50952616301233,2.658854830213813,-3.46757714476457,1099725053459.0312
Cuba,2017.0,0.0,0.0,cu,11.74150839583512,96850649691.7406,8610.60829531998,1.7,4.11359090116284,1.80979177212284,-10.877131741185003,95497000000.0
Cuba,2018.0,0.0,0.0,cu,11.74150839583512,100050036096.123,8911.46205964193,1.7,1.03226933491902,2.24794854086232,-10.877131741185003,98575000000.0
Cuba,2019.0,0.0,0.0,cu,11.74150839583512,103427600000.0,9232.26115935183,1.705,3.54474299448344,-0.163087223606624,-10.877131741185003,101873800000.0
Cuba,2020.0,11687.0,145.0,cu,5.2559148964310936,107351800000.0,9605.26125067263,2.24,16.5559626167225,-10.9490846048862,-21.094817978852262,104950017766.66667
Cuba,2021.0,953884.0,8177.0,cu,3.730772751876503,761308493220.398,42252.351891615726,2.116,401.591191263656,1.25369342501311,-0.3511172356964957,733199680881.1578
Cuba,2022.0,146401.0,208.0,cu,2.4644821526052834,9606983880559.14,11412.249776319424,1.82,14.1554019623172,1.77485399483382,-0.7830620930560356,9568855851435.852
Cuba,2023.0,1622.0,0.0,cu,9.519130481890453,174110570800.40396,4075.6184190394433,1.719,7.804128684910034,-1.92899211214875,-1.3733326771250036,169493857562.1804
Cuba,2024.0,68.0,0.0,cu,2.554233037969812,16608801798.988466,1849.279733011051,1.53,1.9752454489124902,2.5462766841269335,-16.028488031906782,16769267129.542799
Cuba,2025.0,146.0,0.0,cu,2.554233037969812,16608801798.988466,1849.279733011051,11.998666666666665,1.9752454489124902,2.5462766841269335,-16.028488031906782,16769267129.542799
Cyprus,2017.0,0.0,0.0,cy,0.531766496174467,22946570628.7576,26696.990234375,11.155,1.02039367253803,5.75083246014417,-4.91227621613636,22248590723.5152
Cyprus,2018.0,0.0,0.0,cy,1.43549119531759,25754001367.5448,29599.986328125,8.504,1.02575008362142,6.27166730438427,-3.74116387276707,24823400132.0307
Cyprus,2019.0,0.0,0.0,cy,0.250370996758493,26196667099.5303,29703.052734375,7.155,1.35009084401798,5.87559123003267,-5.52358779333748,24793491597.2219
Cyprus,2020.0,22347.0,122.0,cy,-0.638422797978959,25555093854.2968,28649.015625,7.755,-1.20792011655351,-3.22063433575047,-9.70521766643824,23839852610.9473
Cyprus,2021.0,139432.0,524.0,cy,2.44608867175474,30372874319.6285,33734.29296875,7.513,3.04391069697645,11.3877633552,-5.44863394406944,27682692012.0072
Cyprus,2022.0,469332.0,612.0,cy,8.39548297993334,30976176886.8521,33938.9453125,6.806,6.68855378219979,7.36562252428676,-5.5180144908117,28521267364.7675
Cyprus,2023.0,44364.0,106.0,cy,3.54134188751663,33886930712.3394,36551.41796875,6.098,3.82970232014782,2.61190090914745,-9.42577181887465,30644231434.6265
Cyprus,2024.0,36133.0,0.0,cy,1.80023018624815,9177937750079.96,23504.664057106962,5.602,3.2059769336673436,4.525794629994259,1.193549912283165,9142202588523.14
Cyprus,2025.0,4724.0,0.0,cy,1.98043915591935,538734323085.5884,12080.425203317762,9.136666666666667,39.07854243302407,-0.5999181626396833,-3.5935034123862333,521153767021.36395
Czechia,2017.0,0.0,0.0,cz,2.4505339846014,221563575696.217,20913.197632212,2.893,1.68362051457846,5.17356528805017,1.35301705500193,206250524034.28
Czechia,2018.0,0.0,0.0,cz,2.14949494949493,251992360762.236,23705.9329811299,2.246,2.81335978857678,2.83030589412112,0.451859774047595,235330815043.776
Czechia,2019.0,0.0,0.0,cz,2.8478759591805,256794209028.77,24062.7190013343,2.015,3.84131790816744,3.56577657204843,0.356195094422182,237284304854.517
Czechia,2020.0,723577.0,11888.0,cz,3.16129528497801,251109660602.536,23472.8915454417,2.55,4.51623222399486,-5.30487954551279,1.78520080795831,233709848019.733
Czechia,2021.0,1793803.0,24444.0,cz,3.83984491500146,290972714482.313,27696.4619527544,2.803,4.03442638918558,4.02901830633854,-2.04624111898244,270290707240.003
Czechia,2022.0,2062755.0,5820.0,cz,15.1001651468371,301831228325.556,28282.2236715857,2.224,8.67110088094911,2.84717065717149,-4.52048439437013,277349488376.076
Czechia,2023.0,166488.0,1202.0,cz,10.6612601372426,343207874553.734,31591.1770732969,2.579,8.15889263966358,-0.085330275927376,0.301691698482678,317869839762.542
Czechia,2024.0,79300.0,422.0,cz,2.43531202435314,13495122566044.4,9622.104070651132,2.506,3.0063766728526233,6.54915845982896,0.8089904127730444,13456066031704.865
Czechia,2025.0,24763.0,60.0,cz,1.5049439792764752,9177937750079.96,23504.664057106962,5.078666666666667,3.2059769336673436,4.525794629994259,1.193549912283165,9142202588523.14
Denmark,2017.0,0.0,0.0,dk,1.14713216957602,331610593961.988,57521.5514992225,5.833,1.10061874339993,3.05647724393516,7.36024532050309,338899001120.246
Denmark,2018.0,0.0,0.0,dk,0.813609467455631,355293374912.393,61324.7665045565,5.131,0.593022200778364,1.86000748885226,6.24457266735134,365236933204.871
Denmark,2019.0,0.0,0.0,dk,0.75813157251162,345401473012.615,59404.2663247723,5.018,0.950878601964675,1.7114009439059,7.42526960323985,355443582780.668
Denmark,2020.0,161230.0,1256.0,dk,0.420711974110115,355631021931.621,60985.4885601514,5.637,2.82692165384543,-1.7801059882175,7.23112965395448,367136215276.414
Denmark,2021.0,622472.0,2000.0,dk,1.8530454398968,408378204639.999,69727.9873677012,5.043,2.76891919858527,7.38206628977555,8.65914472386699,424501033300.764
Denmark,2022.0,2604737.0,4526.0,dk,7.6965669988926,401945576107.963,68091.3191138669,4.434,9.09696553405558,1.54017310709567,11.5656223681511,414709867315.259
Denmark,2023.0,43907.0,1711.0,dk,3.30517811237606,407091920305.404,68453.8769281145,5.094,-3.78891798596015,2.49518433148894,9.84084615992846,418673805445.712
Denmark,2024.0,13266.0,519.0,dk,1.37220049768918,1360601919184.7866,54296.55893252574,5.587,2.4692334657451904,1.679490259017429,-1.22947824443343,1323447842031.2634
Denmark,2025.0,3935.0,0.0,dk,4.394074037728466,472024815552.65137,10549.776257792104,9.756,22.964963092261097,1.4337021716462797,-2.4774804106536834,459111882432.81836
Djibouti,2017.0,0.0,0.0,dj,0.568112117084804,2762581334.22612,2618.95521147369,26.064,0.562231530282162,5.458091517212,-4.79510874009852,2753515438.80577
Djibouti,2018.0,0.0,0.0,dj,0.14797084987711,2913466732.12507,2718.0853229414,26.184,0.656016212542539,4.7744168883374,14.7117694324276,2892833391.10178
Djibouti,2019.0,0.0,0.0,dj,3.31925372703827,3088853638.56832,2837.17103336917,26.256,0.449797430981619,5.5451305999467,18.2584262511938,2994853638.56832
Djibouti,2020.0,5824.0,61.0,dj,1.7774078380617,3185150981.03207,2881.99924450145,27.713,1.77780976577868,1.31636324158441,11.5020743532667,3086150981.03207
Djibouti,2021.0,7808.0,128.0,dj,1.18191775339802,3385825228.86997,3019.69343880209,27.668,1.70103136920272,4.52234774643705,-6.64847700936444,3326825228.86997
Djibouti,2022.0,2058.0,0.0,dj,5.17980847967061,3674298479.07676,3231.30015326477,26.307,4.61922015773493,3.72857647005031,17.8593816032676,3742298479.07676
Djibouti,2023.0,0.0,0.0,dj,1.49506816515088,4098530513.55777,3554.83918868372,26.154,4.56452579428684,6.67664964361434,17.6001741922198,4006530513.55777
Djibouti,2024.0,0.0,0.0,dj,2.554233037969812,16608801798.988466,1849.279733011051,25.875,1.9752454489124902,2.5462766841269335,-16.028488031906782,16769267129.542799
Djibouti,2025.0,0.0,0.0,dj,2.554233037969812,16608801798.988466,1849.279733011051,11.998666666666665,1.9752454489124902,2.5462766841269335,-16.028488031906782,16769267129.542799
Dominica,2017.0,0.0,0.0,dm,0.296252889279487,521551851.851852,7614.34028048137,12.146,-3.07331479794894,-6.61899463280534,-11.0283065529593,524748148.148148
Dominica,2018.0,0.0,0.0,dm,0.98919111918989,554770370.37037,8137.56520624242,5.546666666666667,2.72491582561258,3.54758441831531,-46.6524667396649,556177777.777778
Dominica,2019.0,0.0,0.0,dm,1.50462353858141,611537037.037037,9009.09011545429,2.061666666666667,4.48328635371882,5.5024834367041,-38.1318845047392,602040740.740741
Dominica,2020.0,96.0,0.0,dm,-0.727116412668203,504214814.814815,7461.77933220095,6.109999999999999,-1.13372148579388,-16.6041095231221,-36.9633253757218,512888888.888889
Dominica,2021.0,6718.0,47.0,dm,1.4831944499819,555266666.666667,8262.65091316727,5.862666666666666,3.02596515876192,6.8905494167316,-33.5155990448367,555770370.37037
Dominica,2022.0,8946.0,27.0,dm,7.7806152516404,607159259.259259,9085.67412772363,4.571,3.56303629768684,5.58354626264079,-26.9691848499082,609107407.407407
Dominica,2023.0,287.0,0.0,dm,4.22769324983409,653992592.592593,9832.99643050057,9.690333333333333,2.86621599756806,4.71223818531963,-34.1949273408919,655788888.888889
Dominica,2024.0,0.0,0.0,dm,2.554233037969812,16608801798.988466,1849.279733011051,11.998666666666665,1.9752454489124902,2.5462766841269335,-16.028488031906782,16769267129.542799
Dominica,2025.0,0.0,0.0,dm,2.554233037969812,16608801798.988466,1849.279733011051,11.998666666666665,1.9752454489124902,2.5462766841269335,-16.028488031906782,16769267129.542799
Dominican Republic,2017.0,0.0,0.0,do,3.27955694678546,79998046305.79,7499.69286187019,5.832,4.18137503365021,4.66670467732366,-0.166379063172654,76204246305.3777
Dominican Republic,2018.0,0.0,0.0,do,3.56443426013508,85555390139.118,7934.98141208525,5.861,4.12148968696981,6.98252758458058,-1.54461337602595,81863690138.2717
Dominican Republic,2019.0,0.0,0.0,do,1.81060377042959,88941372558.2397,8164.22080932117,6.356,2.52561865647056,5.05216802016253,-1.33559890727136,84872472558.5555
Dominican Republic,2020.0,169579.0,2409.0,do,3.78103179915517,78844656298.1776,7162.29175242114,6.126,4.72350401957794,-6.72023937283404,-1.6858466539231,75019656298.6199
Dominican Republic,2021.0,247689.0,1837.0,do,8.24300347981809,94243425938.3647,8472.47982000992,7.702,7.77715811136834,12.2719902347896,-2.84932341249584,89532925938.8627
Dominican Republic,2022.0,241741.0,138.0,do,8.81109209279587,113537368176.13,10109.5234003521,5.504,10.7141556508469,4.85832403582451,-5.76805690073836,109226368176.13
Dominican Republic,2023.0,2094.0,0.0,do,4.78561281021135,121444279313.931,10717.6276712204,5.555,6.42391980187598,2.36061568723294,-3.60354561344743,116006679313.854
Dominican Republic,2024.0,0.0,0.0,do,3.30223338951227,16608801798.988466,1849.279733011051,5.473,1.9752454489124902,2.5462766841269335,-16.028488031906782,16769267129.542799
Dominican Republic,2025.0,0.0,0.0,do,2.554233037969812,16608801798.988466,1849.279733011051,11.998666666666665,1.9752454489124902,2.5462766841269335,-16.028488031906782,16769267129.542799
Ecuador,2017.0,0.0,0.0,ec,0.417335588666825,104467486000.0,6233.32244797718,3.836,0.932031656124835,5.97039880954841,-0.388423584941001,102098707100.0
Ecuador,2018.0,0.0,0.0,ec,-0.224103246005552,107478962000.0,6303.91892523596,3.53,1.81939670683758,1.044295546927,-1.53393873198942,104610030900.0
Ecuador,2019.0,0.0,0.0,ec,0.266012515466155,107595829000.0,6205.05759479761,3.812,-0.0565751872692744,0.165403532646692,-0.507339455466227,104536017000.0
Ecuador,2020.0,211512.0,14023.0,ec,-0.338872392562139,95865472000.0,5463.64509649315,6.127,-1.82595644256135,-9.24509637743429,2.09143136395223,92538070200.0
Ecuador,2021.0,334288.0,19646.0,ec,0.133251386096389,107435101000.0,6075.8026572556,4.552,2.04901082789537,9.818417748417,2.73530514830235,105704005400.0
Ecuador,2022.0,498949.0,2279.0,ec,3.46616972213077,116586079000.0,6540.99824522101,3.761,2.19571108300103,6.18613907258741,1.83322993167713,114677350000.0
Ecuador,2023.0,23650.0,76.0,ec,2.21568764237058,118844826000.0,6609.80408154957,3.51,-0.408196858042402,2.35521790742197,1.97395215922557,116197121700.0
Ecuador,2024.0,10614.0,32.0,ec,1.54732515615369,1360601919184.7866,54296.55893252574,4.773,2.4692334657451904,1.679490259017429,-1.22947824443343,1323447842031.2634
Ecuador,2025.0,1358.0,4.0,ec,9.519130481890453,174110570800.40396,4075.6184190394433,12.746,7.804128684910034,2.2004297867610165,-1.3733326771250036,169493857562.1804
El Salvador,2017.0,0.0,0.0,sv,1.0123540331558,24979190000.0,4020.12671373919,4.385,0.986566456267596,2.24761908134138,-1.85990733613607,23591570000.0
El Salvador,2018.0,0.0,0.0,sv,1.09033000581892,26020850000.0,4183.54620971358,4.006,1.71626308707515,2.4124442237792,-3.30179306522223,24550760000.0
El Salvador,2019.0,0.0,0.0,sv,0.0753241350024612,26881140000.0,4320.11671534627,4.17,0.848014701105342,2.43747159065784,-0.421693578525018,25540040000.0
El Salvador,2020.0,45960.0,1327.0,sv,-0.371590212324095,24921190000.0,3997.19279583709,5.008,0.653512318599752,-7.893101359867,1.11030429654712,23543800000.0
El Salvador,2021.0,75781.0,2496.0,sv,3.46692585313082,29043140000.0,4642.60743101342,4.327,4.14207468599355,11.9047617015957,-4.30553038660689,27355140000.0
El Salvador,2022.0,80044.0,407.0,sv,7.19861615609867,31988920000.0,5093.51833879776,2.999,7.143242839221,2.79955216943868,-6.82165878501212,30006450000.0
El Salvador,2023.0,51.0,0.0,sv,4.04554694222477,34015620000.0,5391.06926181338,2.992,2.7288450232809,3.51097706608982,-1.36904279807399,31873990000.0
El Salvador,2024.0,134.0,0.0,sv,0.853782292567288,16608801798.988466,1849.279733011051,2.839,1.9752454489124902,2.5462766841269335,-16.028488031906782,16769267129.542799
El Salvador,2025.0,96.0,0.0,sv,2.554233037969812,16608801798.988466,1849.279733011051,11.998666666666665,1.9752454489124902,2.5462766841269335,-16.028488031906782,16769267129.542799
Equatorial Guinea,2017.0,0.0,0.0,gq,0.74435474661241,12200913878.9827,7809.10465655488,8.004,12.7423831594725,-5.66750850486686,-15.031885873789927,8983531110.24715
Equatorial Guinea,2018.0,0.0,0.0,gq,1.06007410662171,13097012133.6159,8102.47084834031,7.967,9.51383429692252,-6.23654406734575,-15.031885873789927,10026980386.2895
Equatorial Guinea,2019.0,0.0,0.0,gq,1.53027528964189,11364133549.7478,6804.14923073888,8.064,-3.16368983363937,-5.48182537893445,-1.6296059817875632,8329916826.1239
Equatorial Guinea,2020.0,5277.0,86.0,gq,4.76669523944228,9893816007.7398,5764.05502912947,8.781,-10.1685457458373,-4.79108083383294,-17.565051545445744,7454529303.0535
Equatorial Guinea,2021.0,8433.0,89.0,gq,-0.0971007664640198,12215878032.7166,6945.63069794539,8.976,17.9386307222713,0.860269956382069,-15.637565605385428,9147762583.37738
Equatorial Guinea,2022.0,3379.0,8.0,gq,4.78671704710803,13687643435.6249,7589.29964909381,8.455,22.1004087260455,3.22350831658598,-17.565051545445744,8930191429.27927
Equatorial Guinea,2023.0,41.0,0.0,gq,3.33150480787511,12337550583.754,6677.793435386,8.367,-7.64752019845845,-5.08930872071532,-1.6296059817875632,8681962205.66555
Equatorial Guinea,2024.0,0.0,0.0,gq,2.554233037969812,16608801798.988466,1849.279733011051,7.823,1.9752454489124902,2.5462766841269335,-16.028488031906782,16769267129.542799
Equatorial Guinea,2025.0,0.0,0.0,gq,2.554233037969812,16608801798.988466,1849.279733011051,11.998666666666665,1.9752454489124902,2.5462766841269335,-16.028488031906782,16769267129.542799
Eritrea,2017.0,0.0,0.0,er,2.554233037969812,16608801798.988466,1849.279733011051,5.577,1.9752454489124902,2.5462766841269335,-16.028488031906782,16769267129.542799
Eritrea,2018.0,0.0,0.0,er,2.554233037969812,16608801798.988466,1849.279733011051,5.511,1.9752454489124902,2.5462766841269335,-16.028488031906782,16769267129.542799
Eritrea,2019.0,0.0,0.0,er,2.554233037969812,16608801798.988466,1849.279733011051,5.552,1.9752454489124902,2.5462766841269335,-16.028488031906782,16769267129.542799
Eritrea,2020.0,1252.0,1.0,er,9.519130481890453,174110570800.40396,4075.6184190394433,6.088,7.804128684910034,2.2004297867610165,-1.3733326771250036,169493857562.1804
Eritrea,2021.0,6730.0,74.0,er,1.5689846304538282,1132340030819.1145,41876.879182814766,6.177,10.50952616301233,2.658854830213813,-3.46757714476457,1099725053459.0312
Eritrea,2022.0,2207.0,28.0,er,9.519130481890453,174110570800.40396,4075.6184190394433,5.695,7.804128684910034,2.2004297867610165,-1.3733326771250036,169493857562.1804
Eritrea,2023.0,0.0,0.0,er,2.554233037969812,16608801798.988466,1849.279733011051,5.586,1.9752454489124902,2.5462766841269335,-16.028488031906782,16769267129.542799
Eritrea,2024.0,0.0,0.0,er,2.554233037969812,16608801798.988466,1849.279733011051,5.553,1.9752454489124902,2.5462766841269335,-16.028488031906782,16769267129.542799
Eritrea,2025.0,0.0,0.0,er,2.554233037969812,16608801798.988466,1849.279733011051,11.998666666666665,1.9752454489124902,2.5462766841269335,-16.028488031906782,16769267129.542799
Estonia,2017.0,0.0,0.0,ee,3.41723549488054,27469461919.1189,20851.5223496861,5.807,3.74109667289247,5.63467432229395,1.69970978175346,26262150181.8824
Estonia,2018.0,0.0,0.0,ee,3.43632688420446,31222632740.7247,23618.1361254581,5.412,4.84907777388747,3.69969444001093,0.563761631353159,29976050226.9019
Estonia,2019.0,0.0,0.0,ee,2.27725931243522,31873748770.0313,24021.2501413306,4.514,3.82267611749334,3.72665318178397,2.00905944057614,30681549837.647
Estonia,2020.0,31031.0,284.0,ee,-0.44453109767983,31820771493.8974,23933.9939421065,6.956,0.753341077907294,-2.88381004140328,-2.7306242700292,30896975845.1363
Estonia,2021.0,195778.0,1544.0,ee,4.65316673847473,37204563051.4723,27953.7670230126,6.178,5.37232915617214,7.15444748334397,-3.72846855950514,36275709776.356
Estonia,2022.0,367408.0,899.0,ee,19.3982634080616,38376046174.971,28451.1477825175,5.571,15.7824225083313,0.0604278323325786,-3.89799854711609,36987912194.9418
Estonia,2023.0,14364.0,245.0,ee,9.15922507983982,41291245222.1948,30133.304450454,6.378,8.05478314709862,-3.02303584066192,-1.75017354585816,40050178864.9176
Estonia,2024.0,5230.0,135.0,ee,3.52056053296586,538734323085.5884,12080.425203317762,7.828,39.07854243302407,-0.5999181626396833,-3.5935034123862333,521153767021.36395
Estonia,2025.0,1550.0,49.0,ee,9.519130481890453,174110570800.40396,4075.6184190394433,12.746,7.804128684910034,2.2004297867610165,-1.3733326771250036,169493857562.1804
Eswatini,2017.0,0.0,0.0,sz,6.22137528933118,4437538381.32249,3831.42595273032,24.523,5.89607425928853,2.46505860491378,6.14751617904165,4142435668.52221
Eswatini,2018.0,0.0,0.0,sz,4.81506167461513,4659474399.74018,3986.10557163026,26.369,3.50177180405096,0.769171433736886,1.30340249223708,4339197362.55768
Eswatini,2019.0,0.0,0.0,sz,2.59801620311077,4594818143.27624,3894.32951592818,28.138,2.54846036774322,4.96212142479391,3.83354009105268,4112925340.93876
Eswatini,2020.0,9144.0,185.0,sz,2.827332545361107,4105756862.55271,3442.3216527415,32.944,4.86403113991642,-2.88706296038356,6.59907530715042,3719044112.00409
Eswatini,2021.0,56688.0,1114.0,sz,-1.1950817895478334,4737671576.32851,3926.48687364215,34.153,0.167992453327443,3.39933858133693,2.64513343871852,4375150957.8119
Eswatini,2022.0,8189.0,123.0,sz,2.0959830048698502,4695372785.0814,3852.08573272946,35.359,9.76589853061334,-0.0676192583464115,-3.00236156588613,4318606144.38706
Eswatini,2023.0,1170.0,5.0,sz,4.550436711892137,4442875788.08505,3610.60879677551,35.086,1.62022800466512,5.01490471257054,2.42037953381641,4134403562.18995
Eswatini,2024.0,165.0,0.0,sz,2.554233037969812,16608801798.988466,1849.279733011051,34.4,1.9752454489124902,2.5462766841269335,-16.028488031906782,16769267129.542799
Eswatini,2025.0,0.0,0.0,sz,2.554233037969812,16608801798.988466,1849.279733011051,11.998666666666665,1.9752454489124902,2.5462766841269335,-16.028488031906782,16769267129.542799
Ethiopia,2017.0,0.0,0.0,et,10.6871150284238,81770886825.6048,745.632449222154,2.662,6.67685508319342,9.56418964295607,-7.25029143899611,81285285937.504
Ethiopia,2018.0,0.0,0.0,et,13.8330356586661,84269196625.8784,747.968143637014,2.802,12.3822948123876,6.81614779681703,-5.47209883044265,83891882898.1509
Ethiopia,2019.0,0.0,0.0,et,15.8096321719344,95912607722.3032,828.70897229725,2.917,12.8603968185939,8.3640856990789,-5.23928384636561,95323016753.8224
Ethiopia,2020.0,123856.0,1918.0,et,20.3563468559061,107657734392.446,905.313175805855,3.994,18.2545902876571,6.05953088643369,-2.52541427273292,107045139885.794
Ethiopia,2021.0,291587.0,5008.0,et,26.8395221557722,111261882958.426,910.947840320752,3.935,21.7632640675501,5.64153071734657,-4.05104445487667,110688250515.368
Ethiopia,2022.0,82531.0,646.0,et,33.8898797100898,126772703047.701,1011.0732858233,3.409,34.6673530169267,5.32117628383672,-4.07059182048539,126199025534.765
Ethiopia,2023.0,3143.0,2.0,et,30.2188278135278,163697927593.982,1272.01628209211,3.402,33.0206928816945,6.49813464238613,-2.92468913307886,163284493254.474
Ethiopia,2024.0,165.0,0.0,et,2.554233037969812,16608801798.988466,1849.279733011051,3.398,1.9752454489124902,2.5462766841269335,-16.028488031906782,16769267129.542799
Ethiopia,2025.0,40.0,0.0,et,2.554233037969812,16608801798.988466,1849.279733011051,11.998666666666665,1.9752454489124902,2.5462766841269335,-16.028488031906782,16769267129.542799
Faroe Islands,2017.0,0.0,0.0,fo,3.33150480787511,2980057377.87967,59384.9862077969,3.821,0.375894775177869,3.51201367488443,-1.6296059817875632,3080225592.02459
Faroe Islands,2018.0,0.0,0.0,fo,3.1554234201128772,3188600927.46688,62524.0387361638,2.061666666666667,-0.425379106897282,2.76370952267429,-1.6296059817875637,3279611960.75329
Faroe Islands,2019.0,0.0,0.0,fo,3.33150480787511,3266432734.22819,63064.6343127366,3.821,3.49989705671146,4.53851028676189,-1.6296059817875632,3360023702.11503
Faroe Islands,2020.0,608.0,0.0,fo,12.09458401004211,3271813311.5831,62236.0866558197,10.382666666666667,-0.111554948657087,-1.63732118017028,-8.067993974795943,3350503014.91008
Faroe Islands,2021.0,5161.0,14.0,fo,4.524283155684923,3664686796.62669,68736.505610554,6.785333333333333,2.02544410571137,5.50438017256558,-17.565051545445744,3791867586.91947
Faroe Islands,2022.0,28889.0,14.0,fo,3.605575900452987,3566698397.6602,66108.733645837,5.896,5.77914288280571,3.55602380418398,-21.094817978852262,3656054872.76135
Faroe Islands,2023.0,0.0,0.0,fo,3.1554234201128772,3907323961.33964,71717.7042204698,2.061666666666667,4.0731868743961,2.4890581166362,-1.6296059817875637,3935467411.30504
Faroe Islands,2024.0,0.0,0.0,fo,2.554233037969812,16608801798.988466,1849.279733011051,11.998666666666665,1.9752454489124902,2.5462766841269335,-16.028488031906782,16769267129.542799
Faroe Islands,2025.0,0.0,0.0,fo,2.554233037969812,16608801798.988466,1849.279733011051,11.998666666666665,1.9752454489124902,2.5462766841269335,-16.028488031906782,16769267129.542799
Fiji,2017.0,0.0,0.0,fj,3.3475783475784,5353469171.0611,5826.84814087383,4.324,1.69845734775171,5.35336493706966,-6.63907088641392,4930366664.65074
Fiji,2018.0,0.0,0.0,fj,4.08147637644526,5581425324.91185,6085.41979209299,4.335,1.42571827219933,3.81235097047221,-8.44729845712939,5221596259.42569
Fiji,2019.0,0.0,0.0,fj,1.77310182460282,5444407214.31758,5950.82868635508,4.373,1.54802217867768,-0.581946371012094,-12.8222684529238,4993717624.5248
Fiji,2020.0,49.0,2.0,fj,-2.5952432588738,4432466237.09588,4844.42129036462,4.649,-1.48397938044806,-17.0386675274098,-13.8552602449921,4151389791.7723
Fiji,2021.0,53842.0,696.0,fj,0.155855722131516,4305031630.81808,4696.17101880318,4.701,-2.51306312524909,-4.88103605578388,-15.9482442399688,4054721701.439
Fiji,2022.0,14859.0,183.0,fj,4.52019266394958,4969503560.7735,5405.03007408295,4.446,2.44798502613514,19.7927266933385,-17.41955368959,4704672931.99835
Fiji,2023.0,297.0,4.0,fj,2.14817440623896,5442046565.04719,5888.73668639357,4.322,4.09957635834306,7.52429088237292,-8.067993974795941,5130419433.22118
Fiji,2024.0,0.0,0.0,fj,2.554233037969812,16608801798.988466,1849.279733011051,4.307,1.9752454489124902,2.5462766841269335,-16.028488031906782,16769267129.542799
Fiji,2025.0,0.0,0.0,fj,2.554233037969812,16608801798.988466,1849.279733011051,11.998666666666665,1.9752454489124902,2.5462766841269335,-16.028488031906782,16769267129.542799
Finland,2017.0,0.0,0.0,fi,0.754015047084346,253846138440.0,46085.0174739036,8.64,0.836045810858835,3.30337016113322,-0.613710516292878,255775633889.412
Finland,2018.0,0.0,0.0,fi,1.08382098409305,273869255596.078,49654.2497035329,7.361,1.98705887836203,1.19297772988504,-1.63811271947478,276815737098.039
Finland,2019.0,0.0,0.0,fi,1.02409392963431,267014821129.411,48358.1807773701,6.695,1.48185905545748,1.34973843826123,-0.15499529100125,269899706941.176
Finland,2020.0,39086.0,635.0,fi,0.290554555653239,270000311606.226,48828.6846862799,7.759,1.63841612956087,-2.49103620977239,0.529983303828095,276322367069.261
Finland,2021.0,327023.0,1292.0,fi,2.19457432340007,294223210496.119,53099.1351400148,7.617,2.43461236911682,2.73471348589543,0.326640931588569,301103210879.84
Finland,2022.0,1091346.0,6837.0,fi,7.12350773301402,280241515774.32,50438.4753952355,6.719,5.44943422380896,1.4500480727209,-2.50703012641764,284510574953.308
Finland,2023.0,42257.0,2644.0,fi,6.25064322154763,295532341254.907,52925.6897638424,7.151,3.91351734729513,-1.16396281522198,-0.5344693537674,297129375017.652
Finland,2024.0,9232.0,58.0,fi,1.56568906231616,1360601919184.7866,54296.55893252574,8.26,2.4692334657451904,1.679490259017429,-1.22947824443343,1323447842031.2634
Finland,2025.0,4525.0,0.0,fi,1.98043915591935,538734323085.5884,12080.425203317762,9.136666666666667,39.07854243302407,-0.5999181626396833,-3.5935034123862333,521153767021.36395
France,2017.0,0.0,0.0,fr,1.03228275064662,2588868323334.71,38687.1626407164,9.409,0.586343167177745,2.08361485062076,-0.474615185215668,2653805221561.18
France,2018.0,0.0,0.0,fr,1.85081508315502,2781576320884.39,41418.1766484844,9.018,1.11459330798793,1.64590872932709,-0.735670615255371,2855661376338.82
France,2019.0,0.0,0.0,fr,1.10825492288294,2722793515171.76,40408.2848574751,8.415,1.21052307126166,2.02744647639635,0.58736276457575,2787416524619.6
France,2020.0,2338258.0,63534.0,fr,0.476498852725066,2647926055110.05,39169.8606000707,8.009,2.9779787161909,-7.44064593044142,-2.00313613657686,2667982790343.98
France,2021.0,6371668.0,60631.0,fr,1.64233141038385,2966433692008.09,43725.0999521245,7.874,1.22181611014376,6.88233786590355,0.244238511780542,3024516531073.59
France,2022.0,29279621.0,37502.0,fr,5.22236748369735,2796302210398.84,41082.8119320747,7.308,3.22063217116909,2.57084047443969,-1.18259080268105,2828314888998.07
France,2023.0,1007943.0,6380.0,fr,4.87835726508441,3051831611384.76,44690.9345395117,7.335,5.30357175264875,0.936487502671483,-0.993970970723725,3091101307415.06
France,2024.0,35237.0,99.0,fr,1.99904942291463,9177937750079.96,23504.664057106962,7.37,3.2059769336673436,4.525794629994259,1.193549912283165,9142202588523.14
France,2025.0,16119.0,16.0,fr,1.5689846304538282,1360601919184.7866,54296.55893252574,5.782666666666667,2.4692334657451904,1.679490259017429,-1.22947824443343,1323447842031.2634
French Polynesia,2017.0,0.0,0.0,pf,3.1554234201128772,5833352692.7995,20826.9312492172,11.573,-0.379454943329449,4.37450238290198,-1.6296059817875632,5740852277.432144
French Polynesia,2018.0,0.0,0.0,pf,3.33150480787511,6135116253.33452,21925.616043938,11.572,-1.20319688581242,1.83202822787646,-1.6296059817875632,5496136802.211734
French Polynesia,2019.0,0.0,0.0,pf,3.1554234201128772,6022276196.13871,21582.5892046801,11.565,0.822431269471167,2.69993449863051,-1.6296059817875632,4846118439.8116
French Polynesia,2020.0,16851.0,114.0,pf,77.40369758219363,5792545870.80614,20746.2720428286,12.951,1.65824532511503,-7.05099065433484,-21.094817978852262,5468790346.38642
French Polynesia,2021.0,29574.0,522.0,pf,3.605575900452987,6150640646.38319,21982.9038942614,12.531,0.198829632204649,2.09478896837454,-21.094817978852262,5496136802.211734
French Polynesia,2022.0,31532.0,13.0,pf,2.810502602473784,5814661208.90544,20738.6499971661,11.888,1.79361104875255,4.46607459000271,-21.094817978852262,5740852277.432143
French Polynesia,2023.0,1270.0,0.0,pf,9.519130481890453,174110570800.40396,4075.6184190394433,11.749,7.804128684910034,2.2004297867610165,-1.3733326771250036,169493857562.1804
French Polynesia,2024.0,224.0,1.0,pf,3.7310721881079387,75562525362.76717,1857.1581772841673,11.75,3.13767068671865,1.7787437773967667,-17.3876679057941,74979482653.2517
French Polynesia,2025.0,0.0,0.0,pf,2.554233037969812,16608801798.988466,1849.279733011051,11.998666666666665,1.9752454489124902,2.5462766841269335,-16.028488031906782,16769267129.542799
Gabon,2017.0,0.0,0.0,ga,2.65192583143902,14929487485.1623,6921.73373135624,20.303,3.82030214446843,0.472642030911146,-10.877131741185003,13985728543.24
Gabon,2018.0,0.0,0.0,ga,4.74906652083221,16867326401.9626,7624.2775233771,20.439,7.17665749439934,0.83791658082157,-15.031885873789927,15754973543.4626
Gabon,2019.0,0.0,0.0,ga,2.46456756151187,16874405465.391,7441.1786472281,20.358,1.54748519798422,3.92080879452831,-10.877131741185003,15511133840.5581
Gabon,2020.0,9571.0,64.0,ga,1.35276110675333,15342236163.9864,6605.80346077565,21.27,-9.00986856172324,-1.8377610635094,-15.637565605385428,14503352825.4392
Gabon,2021.0,32227.0,224.0,ga,1.0869074651941,19444935097.2395,8181.40914134656,21.218,20.3384091824716,1.46795731508091,-21.094817978852262,17052331403.4882
Gabon,2022.0,7182.0,18.0,ga,4.23124798274579,20440655695.1804,8409.2074145028,20.399,14.7583426834649,3.03761449502689,-15.637565605385428,19032454429.1136
Gabon,2023.0,71.0,1.0,ga,3.62901534185376,19388402541.6698,7802.83659565049,20.278,-9.96401107833999,2.44588083119469,-10.877131741185003,18421276707.5839
Gabon,2024.0,6.0,0.0,ga,1.17311998381218,16608801798.988466,1849.279733011051,20.061,1.9752454489124902,2.5462766841269335,-16.028488031906782,16769267129.542799
Gabon,2025.0,12.0,0.0,ga,2.554233037969812,16608801798.988466,1849.279733011051,11.998666666666665,1.9752454489124902,2.5462766841269335,-16.028488031906782,16769267129.542799
Georgia,2017.0,0.0,0.0,ge,6.03531725272117,16473125375.0684,4418.75206546679,13.939,7.54674499838114,5.15990261658827,-7.95124743463903,15681941286.4977
Georgia,2018.0,0.0,0.0,ge,2.6152447139767,17902544880.6471,4804.0546040444,12.667,3.48481628679124,6.062036412677,-6.65935234039703,17228317459.0649
Georgia,2019.0,0.0,0.0,ge,4.85289821696723,17638337116.9126,4741.2832715876,11.565,3.99568034557234,5.38071926589951,-5.99374849041921,16841958711.6913
Georgia,2020.0,227420.0,2505.0,ge,5.2024648897534,16010869215.68,4300.85701291207,11.73,6.84793338769904,-6.2904717853839,-12.4335796501942,15254265041.6439
Georgia,2021.0,707321.0,11295.0,ge,9.56691433824769,18853115588.8106,5083.60695484577,11.791,10.229587650373,10.6442336580969,-10.30459946521,17678574249.4334
Georgia,2022.0,875086.0,3103.0,ge,11.8981654203198,24984568959.605,6729.84659930283,11.647,8.13545014384806,10.9585321385624,-4.42087610102786,23246873362.5952
Georgia,2023.0,47155.0,238.0,ge,2.48776056578715,30777833585.4441,8283.66960242964,11.537,2.94809953621152,7.8322012152783,-5.5511012770178,28388158127.4093
Georgia,2024.0,7401.0,10.0,ge,1.10971758022096,1132340030819.1145,41876.879182814766,11.48,10.50952616301233,2.658854830213813,-3.46757714476457,1099725053459.0312
Georgia,2025.0,3.0,0.0,ge,2.554233037969812,16608801798.988466,1849.279733011051,11.998666666666665,1.9752454489124902,2.5462766841269335,-16.028488031906782,16769267129.542799
Germany,2017.0,0.0,0.0,de,1.50949485109628,3763092263752.95,45526.5999576533,3.781,1.46798919402306,2.71602451931592,8.08358573755333,3778789183700.01
Germany,2018.0,0.0,0.0,de,1.73216879766942,4052008447223.53,48874.8595028454,3.384,1.86533423127291,1.11644310926225,8.44474369079798,4108434453701.96
Germany,2019.0,0.0,0.0,de,1.44565976888253,3957208055215.68,47623.8656074829,3.163,2.01597612377067,0.987893349167578,7.88005874480123,4034728306596.07
Germany,2020.0,1660178.0,47009.0,de,0.144877925813982,3940142541354.1,47379.765194548,3.881,1.75504597095741,-4.09513749064689,6.34985102790796,3998734917350.98
Germany,2021.0,5353865.0,70683.0,de,3.06666666666673,4348297440387.53,52265.6541620571,3.594,2.80292938819132,3.66999986156735,6.93196765120446,4443312883197.6
Germany,2022.0,30227893.0,48046.0,de,6.87257438551097,4163596357879.39,49686.1154582583,3.12,6.09185662231558,1.36973105536585,4.43791548373552,4241258694941.65
Germany,2023.0,1195820.0,9241.0,de,5.94643667725823,4525703903627.53,54343.2265084958,3.068,6.14291653024772,-0.266438410090913,5.80317294206,4636236589068.71
Germany,2024.0,91.0,0.0,de,2.2564981433876,16608801798.988466,1849.279733011051,3.406,1.9752454489124902,2.5462766841269335,-16.028488031906782,16769267129.542799
Germany,2025.0,39.0,0.0,de,2.554233037969812,16608801798.988466,1849.279733011051,11.998666666666665,1.9752454489124902,2.5462766841269335,-16.028488031906782,16769267129.542799
Ghana,2017.0,0.0,0.0,gh,12.3719215507048,60405924078.7278,2012.97025750655,3.369,10.6773082339139,8.12889488100956,-3.31530397149447,57431261824.7006
Ghana,2018.0,0.0,0.0,gh,7.80876516610703,67298914624.3723,2196.61290615342,3.253,10.5684824952629,6.20007768127284,-3.03807908979548,64269886147.6558
Ghana,2019.0,0.0,0.0,gh,7.14364003330857,68337969247.7067,2186.18924111824,3.16,8.48107029698721,6.5077747939152,-2.72757875831896,65527721243.3015
Ghana,2020.0,55064.0,335.0,gh,9.88728956269944,70043099675.68,2196.54789313621,3.313,9.36557496583738,0.513941670628171,-3.04664626466096,70776526813.0503
Ghana,2021.0,91055.0,971.0,gh,9.9710886750444,79524421861.2743,2445.50081810782,3.384,12.1061016311773,5.07646643533542,-3.19578911466864,77088309092.7881
Ghana,2022.0,24929.0,155.0,gh,31.2558951049016,74263364041.8742,2240.27945094566,3.084,28.1682478691229,3.81750462109567,-2.34386724746484,72989253312.2189
Ghana,2023.0,786.0,1.0,gh,38.1069656296501,76370396722.154,2260.28741289427,3.063,33.0798250532954,2.94478583082221,1.8424856852825,75420372240.3018
Ghana,2024.0,497.0,1.0,gh,22.8483281157842,170399070970.07272,4118.6517339046,3.007,9.469120786382435,1.8175956863047718,-3.3041732200028537,166961510329.8563
Ghana,2025.0,419.0,0.0,gh,6.629747058146063,152086838139.10095,3481.388420232403,11.628333333333332,2.732168173231121,2.749001067581723,-9.336553014427066,150228357435.71027
Gibraltar,2017.0,0.0,0.0,gi,2.554233037969812,16608801798.988466,1849.279733011051,11.998666666666665,1.9752454489124902,2.5462766841269335,-16.028488031906782,16769267129.542799
Gibraltar,2018.0,0.0,0.0,gi,2.554233037969812,16608801798.988466,1849.279733011051,11.998666666666665,1.9752454489124902,2.5462766841269335,-16.028488031906782,16769267129.542799
Gibraltar,2019.0,0.0,0.0,gi,2.554233037969812,16608801798.988466,1849.279733011051,11.998666666666665,1.9752454489124902,2.5462766841269335,-16.028488031906782,16769267129.542799
Gibraltar,2020.0,1785.0,6.0,gi,6.557684629400306,153684745916.64276,6164.62220808924,11.269666666666666,3.9529659357149174,3.1788750858072468,-3.4166731879627767,151656595055.31836
Gibraltar,2021.0,6748.0,94.0,gi,1.5689846304538282,1132340030819.1145,41876.879182814766,6.413,10.50952616301233,2.658854830213813,-3.46757714476457,1099725053459.0312
Gibraltar,2022.0,11772.0,10.0,gi,1.5689846304538282,1360601919184.7866,54296.55893252574,5.782666666666667,2.4692334657451904,1.679490259017429,-1.22947824443343,1323447842031.2634
Gibraltar,2023.0,245.0,3.0,gi,3.7310721881079387,75562525362.76717,1857.1581772841673,11.459999999999999,3.13767068671865,1.7787437773967667,-17.3876679057941,74979482653.2517
Gibraltar,2024.0,0.0,0.0,gi,2.554233037969812,16608801798.988466,1849.279733011051,11.998666666666665,1.9752454489124902,2.5462766841269335,-16.028488031906782,16769267129.542799
Gibraltar,2025.0,0.0,0.0,gi,2.554233037969812,16608801798.988466,1849.279733011051,11.998666666666665,1.9752454489124902,2.5462766841269335,-16.028488031906782,16769267129.542799
Greece,2017.0,0.0,0.0,gr,1.12125452031419,200381103984.298,18631.9930129293,21.413,0.203613276800695,1.47312498503697,-1.79956830770948,198842523409.192
Greece,2018.0,0.0,0.0,gr,0.62562141345364,213298873494.394,19873.4015238771,19.179,-0.234800895538129,2.06467253338354,-2.92946837177349,209711639142.139
Greece,2019.0,0.0,0.0,gr,0.253007522038157,207305649887.019,19335.3602002969,17.045,0.245015797961827,2.27718063644569,-1.50121840629263,203407936304.627
Greece,2020.0,139692.0,4682.0,gr,-1.24798355581405,191362985554.861,17886.733165236,15.899,-0.3639597319481,-9.19623147082588,-6.48664200392795,187724248007.129
Greece,2021.0,945395.0,15823.0,gr,1.22382501019854,218303801895.326,20654.7001960815,14.656,1.39275645318513,8.65449785311438,-6.34795283469092,213013301589.942
Greece,2022.0,3938076.0,14471.0,gr,9.64525981280632,218880566444.349,20971.8349258283,12.426,6.4958241447423,5.74364918958959,-10.3357101038965,215323644043.481
Greece,2023.0,547200.0,3445.0,gr,3.46480128513405,243498333237.802,23400.7278817691,11.066,5.87456266805546,2.3321238825698,-6.16330418209365,238668954547.047
Greece,2024.0,184843.0,1481.0,gr,2.74149045788606,14287540175651.1,10152.662052589758,10.133,1.7596473204638965,4.9796376475054736,0.8628327447755243,14214658742208.734
Greece,2025.0,53870.0,206.0,gr,4.311147305295216,8810345882811.213,7894.668189328074,7.041999999999999,10.227897405693115,5.765658208604243,3.439600756095152,8782872449065.7295
Greenland,2017.0,0.0,0.0,gl,119.53150797388173,2851613679.03433,50765.7494665372,5.546666666666667,3.2664996424492,0.0527281828800312,-1.6296059817875637,2909676698.0734863
Greenland,2018.0,0.0,0.0,gl,3.33150480787511,3055782146.15957,54545.135857765,3.821,1.84672035174569,0.62306542854094,-1.6296059817875632,2957440498.051636
Greenland,2019.0,0.0,0.0,gl,119.53150797388173,2997309971.87623,53309.2035905065,5.546666666666667,0.744863000194002,2.83217756798683,-1.6296059817875637,2953553182.1016235
Greenland,2020.0,27.0,0.0,gl,3.33150480787511,3082884653.2456,54693.0766804265,3.821,0.703000441093323,0.187608793759281,-1.6296059817875632,2957440498.051636
Greenland,2021.0,2474.0,1.0,gl,1.565391133397025,3235809504.29871,57116.295770722,8.760666666666667,-0.416168295320645,1.29021048770599,-17.565051545445744,3255780305.675037
Greenland,2022.0,9470.0,20.0,gl,1.5689846304538282,1360601919184.7866,54296.55893252574,5.782666666666667,2.4692334657451904,1.679490259017429,-1.22947824443343,1323447842031.2634
Greenland,2023.0,0.0,0.0,gl,2.554233037969812,16608801798.988466,1849.279733011051,11.998666666666665,1.9752454489124902,2.5462766841269335,-16.028488031906782,16769267129.542799
Greenland,2024.0,0.0,0.0,gl,2.554233037969812,16608801798.988466,1849.279733011051,11.998666666666665,1.9752454489124902,2.5462766841269335,-16.028488031906782,16769267129.542799
Greenland,2025.0,0.0,0.0,gl,2.554233037969812,16608801798.988466,1849.279733011051,11.998666666666665,1.9752454489124902,2.5462766841269335,-16.028488031906782,16769267129.542799
Grenada,2017.0,0.0,0.0,gd,0.908458255874249,1125685185.18519,9751.42661155932,2.061666666666667,1.5261735013888,4.43867566948151,-11.4635306675494,1005085185.18519
Grenada,2018.0,0.0,0.0,gd,0.804102313277033,1166514814.81481,10083.021279225,2.061666666666667,-0.703659389914975,4.36144039364797,-12.7578936321222,1053114814.81481
Grenada,2019.0,0.0,0.0,gd,0.598149764736022,1213485185.18519,10462.7929159533,2.061666666666667,3.32753294754764,0.676511738873756,-10.3282132272823,1092085185.18519
Grenada,2020.0,128.0,0.0,gd,-0.740732597045498,1043411111.11111,8968.55890108484,5.667000000000001,-0.299985587376284,-13.7566222572107,-16.1060034218251,972011111.111111
Grenada,2021.0,5945.0,200.0,gd,1.21951193916838,1122800000.0,9622.24050459345,6.785333333333333,2.79031777299367,4.68747816934534,-14.3720511551808,1024000000.0
Grenada,2022.0,13598.0,38.0,gd,2.5805392590792,1224577777.77778,10474.2652893842,4.134,1.62494161129776,7.32074061551874,-12.122117222565,1143677777.77778
Grenada,2023.0,22.0,0.0,gd,2.69612269814564,1316733333.33333,11246.3451228921,3.449333333333333,3.823033409956,3.56612861773655,-18.4907082341822,1233833333.33333
Grenada,2024.0,0.0,0.0,gd,2.554233037969812,16608801798.988466,1849.279733011051,11.998666666666665,1.9752454489124902,2.5462766841269335,-16.028488031906782,16769267129.542799
Grenada,2025.0,0.0,0.0,gd,2.554233037969812,16608801798.988466,1849.279733011051,11.998666666666665,1.9752454489124902,2.5462766841269335,-16.028488031906782,16769267129.542799
Guam,2017.0,0.0,0.0,gu,3.1554234201128772,6013000000.0,36779.0078903909,5.418,0.998991461381451,0.890099909173486,-1.6296059817875632,5018392217.479857
Guam,2018.0,0.0,0.0,gu,3.1554234201128772,6051000000.0,37195.9503070464,5.449,1.47239079307833,-0.828231904933389,-1.6296059817875637,4846118439.8116
Guam,2019.0,0.0,0.0,gu,20.347266062858534,6355000000.0,39274.9431424899,5.401,2.43881496389949,2.52360203340596,-1.6296059817875632,6357347455.649277
Guam,2020.0,7129.0,121.0,gu,2.4211608484832032,5916000000.0,36482.9363953675,6.248,4.03539008928644,-10.5188595714539,-15.637565605385428,5368376375.912537
Guam,2021.0,8223.0,149.0,gu,2.0959830048698502,6234000000.0,38074.8793745801,5.991,3.25017571972322,2.0581832574708,-15.637565605385428,5970284317.063793
Guam,2022.0,34650.0,141.0,gu,2.9174383729664464,6910000000.0,41833.1517132825,5.454,5.46517905025054,5.09986426216793,-21.094817978852262,6823461642.30927
Guam,2023.0,2285.0,8.0,gu,9.519130481890453,174110570800.40396,4075.6184190394433,5.363,7.804128684910034,2.2004297867610165,-1.3733326771250036,169493857562.1804
Guam,2024.0,0.0,0.0,gu,2.554233037969812,16608801798.988466,1849.279733011051,5.586,1.9752454489124902,2.5462766841269335,-16.028488031906782,16769267129.542799
Guam,2025.0,0.0,0.0,gu,2.554233037969812,16608801798.988466,1849.279733011051,11.998666666666665,1.9752454489124902,2.5462766841269335,-16.028488031906782,16769267129.542799
Guatemala,2017.0,0.0,0.0,gt,4.42453655182538,71653754066.2763,4324.99607911366,2.462,1.7479141087134,3.07985149125689,1.19614112500964,70152653689.6945
Guatemala,2018.0,0.0,0.0,gt,3.75186186704516,73328365862.4329,4352.94651790253,2.283,1.27161217513023,3.40687339997949,0.885829177236282,71826156760.7574
Guatemala,2019.0,0.0,0.0,gt,3.69998398008598,77172317258.6478,4511.99755157656,2.193,3.56578287211866,4.0178979343828,2.36029059992479,75768261350.5168
Guatemala,2020.0,137166.0,4803.0,gt,3.21444062197352,77719464220.73,4477.61761796418,2.955,2.87232203437225,-1.78555194467604,5.04131134881773,76315720435.3992
Guatemala,2021.0,489509.0,11299.0,gt,4.26105127422813,86478835636.3813,4913.94712869347,2.174,3.16642125173291,8.03326771516488,2.18604717106608,84342291465.0778
Guatemala,2022.0,574976.0,3896.0,gt,6.88512823344287,95630524813.106,5358.08963795,3.051,6.31527590909438,4.20015588892568,1.25183056596165,93633153318.3519
Guatemala,2023.0,48656.0,203.0,gt,6.20657592272126,104450210572.012,5762.82174615918,2.344,6.64227801635242,3.52679214166824,3.11674962852809,102563749565.884
Guatemala,2024.0,139.0,2.0,gt,2.86919482222022,16608801798.988466,1849.279733011051,2.219,1.9752454489124902,2.5462766841269335,-16.028488031906782,16769267129.542799
Guatemala,2025.0,4022.0,2.0,gt,4.394074037728466,472024815552.65137,10549.776257792104,9.756,22.964963092261097,1.4337021716462797,-2.4774804106536834,459111882432.81836
Guinea,2017.0,0.0,0.0,gn,8.91435947913097,10324668271.1362,833.598621691121,4.826,10.3565072127234,10.3000053427355,5.03018582642409,10274041364.5995
Guinea,2018.0,0.0,0.0,gn,9.82761701259191,11857030366.7891,933.273615633705,4.787,7.05908442039132,6.35849192736715,-1.60638873400794,11675180326.704
Guinea,2019.0,0.0,0.0,gn,9.47001039253012,13442861496.4454,1031.34146480732,5.018,9.40290766328131,5.61691446889876,-2.34042432173531,13328776519.4144
Guinea,2020.0,13722.0,81.0,gn,10.6016203387167,14088693742.9464,1053.66097696415,6.018,4.24998016732003,4.70459096113575,19.0560604764664,13942249439.3847
Guinea,2021.0,18726.0,310.0,gn,12.5972882566934,17069115737.8259,1244.96550477914,5.827,11.9862978624966,5.5823328114905,27.1761588078073,16378939819.7924
Guinea,2022.0,5776.0,76.0,gn,10.4930409984424,19910452541.9219,1416.59612011764,5.267,2.80558292389495,3.97240784200721,16.8265386883899,19564303529.3781
Guinea,2023.0,348.0,1.0,gn,7.80497591927973,22199409741.2578,1541.04050914957,5.244,3.92197888518862,6.74493444630886,10.3063100625952,20265865041.9188
Guinea,2024.0,10.0,0.0,gn,8.12313914948596,16608801798.988466,1849.279733011051,5.23,1.9752454489124902,2.5462766841269335,-16.028488031906782,16769267129.542799
Guinea,2025.0,11.0,0.0,gn,2.554233037969812,16608801798.988466,1849.279733011051,11.998666666666665,1.9752454489124902,2.5462766841269335,-16.028488031906782,16769267129.542799
Guinea-Bissau,2017.0,0.0,0.0,gw,1.69111461822289,1469978606.12143,783.123186602022,3.066,10.3961209224862,4.78899161900992,0.263885195365577,1484444605.18198
Guinea-Bissau,2018.0,0.0,0.0,gw,0.381324702791081,1554133593.91699,808.531613218504,3.127,-2.53156124592356,3.76145359637003,-3.48324795461301,1502990770.71439
Guinea-Bissau,2019.0,0.0,0.0,gw,0.24660026814783,1588638853.59328,807.359903965493,2.413,2.15654088111805,5.55045564999175,-8.0200719570584,1615032331.88075
Guinea-Bissau,2020.0,2452.0,45.0,gw,1.14000939393213,1646400349.84867,817.780335749159,2.89,0.309718603527614,1.49527443726818,-2.34956550384566,1671667501.36672
Guinea-Bissau,2021.0,4032.0,104.0,gw,2.24248879577659,1853796455.89489,900.407780831491,3.031,2.16173928550757,6.18267668294831,-0.762101077108201,1870779714.39542
Guinea-Bissau,2022.0,2463.0,27.0,gw,9.39383877456591,1796608530.82267,853.281304044102,2.666,4.2142843930848,4.60583180729681,-8.16202978382442,1804947438.72529
Guinea-Bissau,2023.0,667.0,1.0,gw,2.4719326222444993,2048348108.35852,951.242748289294,2.65,5.39039286757867,5.19926829741253,-8.067993974795943,2045279197.48718
Guinea-Bissau,2024.0,0.0,0.0,gw,2.554233037969812,16608801798.988466,1849.279733011051,2.622,1.9752454489124902,2.5462766841269335,-16.028488031906782,16769267129.542799
Guinea-Bissau,2025.0,0.0,0.0,gw,2.554233037969812,16608801798.988466,1849.279733011051,11.998666666666665,1.9752454489124902,2.5462766841269335,-16.028488031906782,16769267129.542799
Guyana,2017.0,0.0,0.0,gy,1.90465615515584,4748174334.14044,6178.6650437298,13.462,2.10900787395214,3.73449154571284,-2.5604255246699,4665466503.93239
Guyana,2018.0,0.0,0.0,gy,1.28284288443528,4787636997.85343,6048.38697180418,13.627,-2.88748792539391,4.44091288475967,-26.677311081907,4688671632.46699
Guyana,2019.0,0.0,0.0,gy,2.08723089162013,5173760191.84652,6405.82443444562,13.172,2.96118846307267,5.35284003535665,-57.1070048116682,5090626464.04643
Guyana,2020.0,6301.0,164.0,gy,0.99333702283873,5471256594.72422,6775.70939096303,15.334,-26.2960990745423,43.479651716849,-11.6095974967976,5365305654.0658
Guyana,2021.0,32937.0,887.0,gy,5.03285574626702,8041363893.04556,9860.87233445443,14.557,22.4176933066434,20.0600280629427,-16.9076104824515,6440066094.34542
Guyana,2022.0,32848.0,235.0,gy,6.11505550109935,14718387016.7866,17913.4910146288,12.013,12.0604452530687,63.3345871591983,28.8207799078315,8913522449.01875
Guyana,2023.0,1597.0,13.0,gy,2.82110335099641,17159509565.4676,20765.3503593109,12.025,-12.8675261337105,33.8026170921817,13.706971462208,10421587649.1544
Guyana,2024.0,812.0,3.0,gy,2.90395226446373,170399070970.07272,4118.6517339046,10.165,9.469120786382435,1.8175956863047718,-3.3041732200028537,166961510329.8563
Guyana,2025.0,1018.0,10.0,gy,9.519130481890453,174110570800.40396,4075.6184190394433,12.746,7.804128684910034,2.2004297867610165,-1.3733326771250036,169493857562.1804
Haiti,2017.0,0.0,0.0,ht,10.6800887242584,15093357161.1498,1395.23945184461,13.881,13.7798773975934,2.51027134544685,-2.15252938271163,15151864668.1994
Haiti,2018.0,0.0,0.0,ht,12.4814111170435,16403864617.8458,1496.38048970156,13.878,6.5357588755091,1.66781095484656,-2.89019632961826,16454143146.8647
Haiti,2019.0,0.0,0.0,ht,18.7037825672506,15016090929.5125,1352.17204191532,14.057,19.8003879006213,-1.72309699839232,-1.12265260280797,15065747025.9284
Haiti,2020.0,9999.0,236.0,ht,22.7963113642528,14508222518.3018,1290.32538667383,15.546,18.6851861283427,-3.30550546965893,0.355302483558182,14536821917.3148
Haiti,2021.0,16170.0,537.0,ht,16.8415240198785,20877414952.6375,1835.44394078496,15.28,18.9602364056386,-1.79823988931486,0.419859714184918,20900827152.8852
Haiti,2022.0,7800.0,87.0,ht,33.98393194707,20253551920.5516,1760.62635668777,14.635,30.2012918564443,-1.68198396897978,-2.42897523935011,20277253097.7066
Haiti,2023.0,259.0,0.0,ht,36.8135162780854,19850829757.5418,1705.77905452248,14.556,31.5119631448975,-1.86388420254838,-3.43849433959827,19855138997.3407
Haiti,2024.0,541.0,0.0,ht,14.919256523489253,170399070970.07272,4118.6517339046,15.058,9.469120786382435,1.8175956863047718,-3.3041732200028537,166961510329.8563
Haiti,2025.0,132.0,0.0,ht,2.554233037969812,16608801798.988466,1849.279733011051,11.998666666666665,1.9752454489124902,2.5462766841269335,-16.028488031906782,16769267129.542799
Honduras,2017.0,0.0,0.0,hn,3.93436084442044,23136247990.5977,2413.0076562942,5.528,4.5128429763521,4.84291391050387,-1.24589511291671,21719792887.0182
Honduras,2018.0,0.0,0.0,hn,4.34734937777528,24067750760.499,2464.64241531918,5.648,1.94721691531043,3.84499476966735,-6.57234650779592,22173255705.3739
Honduras,2019.0,0.0,0.0,hn,4.36587159819267,24882225741.8119,2502.32744328073,5.698,3.35874088466439,2.55963434592314,-2.65600856407128,22895236635.6885
Honduras,2020.0,120912.0,3111.0,hn,3.46841177951184,23352232483.755,2307.61494319511,10.982,3.40198228348704,-8.96508223267296,2.85135257343249,21695036274.8888
Honduras,2021.0,258630.0,7323.0,hn,4.48087963413445,28144331506.6149,2735.14751503977,8.506,4.60572808888793,12.5652843771279,-5.46356164867157,25771440693.9684
Honduras,2022.0,86373.0,637.0,hn,9.08963911525025,31426041806.7985,3003.28996826399,8.774,9.31239503002736,4.14356194013767,-6.69789798896129,28961571884.2627
Honduras,2023.0,6832.0,43.0,hn,6.66325180347457,34400509852.0436,3231.65724461936,6.07,6.1785877403702,3.58260362632656,-4.03707301824623,31872841684.136
Honduras,2024.0,164.0,0.0,hn,4.60621098127107,16608801798.988466,1849.279733011051,6.061,1.9752454489124902,2.5462766841269335,-16.028488031906782,16769267129.542799
Honduras,2025.0,123.0,0.0,hn,2.554233037969812,16608801798.988466,1849.279733011051,11.998666666666665,1.9752454489124902,2.5462766841269335,-16.028488031906782,16769267129.542799
Hungary,2017.0,0.0,0.0,hu,2.34824281150154,143112196040.326,14621.2395956755,4.156,4.02970505144422,4.27197601620695,1.72222481371539,137321995627.354
Hungary,2018.0,0.0,0.0,hu,2.85024792594646,160565642983.587,16425.2050299693,3.708,4.847425391946,5.36234836176223,0.342221041090595,154276621414.076
Hungary,2019.0,0.0,0.0,hu,3.33858635382008,164020460331.659,16786.2136399075,3.419,4.78502518079389,4.86422573511891,-0.61012681765295,159691089245.166
Hungary,2020.0,322514.0,9537.0,hu,3.32674385766738,157288955508.176,16131.9540355923,4.25,6.38947660567723,-4.48704604765308,-0.856486462034654,153532999274.884
Hungary,2021.0,933901.0,29649.0,hu,5.11096534382855,182109999477.691,18755.1023464312,4.045,6.43924810515087,7.06122060972912,-3.87800347437411,176321181848.921
Hungary,2022.0,929401.0,9309.0,hu,14.6081439492433,177006128624.627,18353.298364905,3.609,14.2313411581322,4.58340767295068,-8.3205705337549,171906025966.474
Hungary,2023.0,41343.0,496.0,hu,17.1249659678737,212388906458.724,22141.8669799276,4.107,14.7490051351556,-0.907685956140242,0.787522464190016,204857214604.962
Hungary,2024.0,10321.0,129.0,hu,3.70370370370369,1360601919184.7866,54296.55893252574,4.434,2.4692334657451904,1.679490259017429,-1.22947824443343,1323447842031.2634
Hungary,2025.0,981.0,4.0,hu,9.519130481890453,174110570800.40396,4075.6184190394433,12.746,7.804128684910034,2.2004297867610165,-1.3733326771250036,169493857562.1804
Iceland,2017.0,0.0,0.0,is,1.76041559180596,24728285177.4603,72010.1490316258,2.742,0.936992856331969,4.19494882908376,4.25674789459763,24848957647.0047
Iceland,2018.0,0.0,0.0,is,2.68291768267392,26260850582.0687,74452.1890731447,2.704,2.63161215080015,4.88917299486545,4.28102734251169,26701147667.6892
Iceland,2019.0,0.0,0.0,is,3.01397179156053,24681343649.2952,68452.23622306,3.507,4.4567758015221,1.86117794293874,6.54263819647393,25374511608.1548
Iceland,2020.0,5743.0,28.0,is,2.84792401518665,21629953194.0659,59023.5663465778,5.478,4.01588811980919,-6.94045309489034,1.12712934760835,22327335577.3176
Iceland,2021.0,18463.0,9.0,is,4.44423970189739,25825287184.3818,69325.9078287926,6.029,6.37202614559868,5.25420975317854,-2.79395804491668,25842739234.8722
Iceland,2022.0,183007.0,149.0,is,8.3087551155892,28770206626.5564,75314.085560994,3.789,8.88519456670855,8.9925076126915,-2.42669497806943,28515019178.2416
Iceland,2023.0,2578.0,0.0,is,8.73630299937298,31325116556.3807,79636.9548578508,3.518,5.69949212718926,5.03717943960838,0.927701016991328,31871436144.8226
Iceland,2024.0,958.0,0.0,is,5.85683849970066,170399070970.07272,4118.6517339046,3.107,9.469120786382435,1.8175956863047718,-3.3041732200028537,166961510329.8563
Iceland,2025.0,313.0,0.0,is,6.629747058146063,152086838139.10095,3481.388420232403,11.628333333333332,2.732168173231121,2.749001067581723,-9.336553014427066,150228357435.71027
India,2017.0,0.0,0.0,in,3.32817337461298,2651474262755.45,1950.10468280866,7.618,3.96925793352338,6.79538341897911,-1.43948820320988,2622801076651.03
India,2018.0,0.0,0.0,in,3.9388264669163,2702929641648.74,1966.25455171679,7.652,3.88424027196663,6.45385134497769,-2.42697545810527,2673994276922.32
India,2019.0,0.0,0.0,in,3.72950573539129,2835606256558.19,2041.42863698585,6.51,2.40551716106513,3.87143694070356,-1.04961203910072,2808367623254.15
India,2020.0,10266674.0,148738.0,in,6.62343677628535,2674851578587.27,1907.04251637669,7.859,4.81485791893405,-5.77772470686801,1.22362111042791,2638922006729.05
India,2021.0,24572130.0,332342.0,in,5.13140747176369,3167270623260.47,2239.61384367482,6.38,8.35490771481598,9.68959249192875,-1.05524166809384,3129982849042.07
India,2022.0,9839580.0,49622.0,in,6.69903414079852,3353470496886.33,2352.61392452078,4.822,6.74751308321969,6.9870393257555,-2.35728753316071,3307391497374.74
India,2023.0,334788.0,2659.0,in,5.64914318907925,3567551674623.01,2480.79208721621,4.172,1.33405065563208,8.1529363109041,-0.895916592872975,3515454309538.94
India,2024.0,31401.0,300.0,in,4.95303550973656,9177937750079.96,23504.664057106962,4.202,3.2059769336673436,4.525794629994259,1.193549912283165,9142202588523.14
India,2025.0,11545.0,186.0,in,1.5689846304538282,1360601919184.7866,54296.55893252574,5.782666666666667,2.4692334657451904,1.679490259017429,-1.22947824443343,1323447842031.2634
Indonesia,2017.0,0.0,0.0,id,3.80879806953157,1015618744168.08,3798.88326177649,3.783,4.29267812199525,5.06978590134916,-1.59465689988054,983437956204.835
Indonesia,2018.0,0.0,0.0,id,3.1983464156241,1042271532953.49,3860.95353077708,4.387,3.81832356943335,5.17429153955024,-2.93907291486926,1011212626719.05
Indonesia,2019.0,0.0,0.0,id,3.03058664969487,1119099871385.79,4106.94856173421,3.59,1.59848849984144,5.01928768046282,-2.70566198130944,1085078650200.79
Indonesia,2020.0,743198.0,22138.0,id,1.9209680056685,1059054842711.55,3853.70288778903,4.255,-0.401651435218994,-2.06551182934165,-0.418606247730959,1029975056940.17
Indonesia,2021.0,3519522.0,121956.0,id,1.56012990525673,1186509691070.97,4287.17313989405,3.827,6.00397322136207,3.70288562827751,0.295885914530007,1154297486846.38
Indonesia,2022.0,2457095.0,16518.0,id,4.20946383402165,1319076267291.51,4730.74548910499,3.462,9.56668684525337,5.30741934775764,1.00184767462664,1282833043151.33
Indonesia,2023.0,101955.0,1360.0,id,3.67013142377007,1371171152331.16,4876.31432703188,3.308,1.5330736733459,5.04810577067288,-0.148899137539572,1335866354417.72
Indonesia,2024.0,8348.0,87.0,id,1.5689846304538282,1132340030819.1145,41876.879182814766,3.3,10.50952616301233,2.658854830213813,-3.46757714476457,1099725053459.0312
Indonesia,2025.0,156.0,0.0,id,2.554233037969812,16608801798.988466,1849.279733011051,11.998666666666665,1.9752454489124902,2.5462766841269335,-16.028488031906782,16769267129.542799
Iraq,2017.0,0.0,0.0,iq,0.18405889884769,187217660050.676,4759.2846435467,13.02,14.6503597888451,-1.81975035118309,7.95462137277485,185776960050.676
Iraq,2018.0,0.0,0.0,iq,0.367441488936849,227367469034.031,5646.68932074742,13.49,18.2039920993937,2.63385099105624,15.1162785714327,225613469034.031
Iraq,2019.0,0.0,0.0,iq,-0.198965380023928,233636097800.338,5671.8568632942,14.109,-2.6744400357903,5.51379057540518,6.74664580876131,232469897800.338
Iraq,2020.0,594442.0,12808.0,iq,0.574162679425795,180898797516.874,4295.18945121228,15.778,-11.2201963874445,-12.0367930931001,-3.48598226553262,179091897517.38
Iraq,2021.0,1498994.0,11346.0,iq,6.04186489058044,209691945713.103,4868.49431080783,16.173,38.8998331529519,1.5021807095434,11.7148037882244,207627745713.103
Iraq,2022.0,371937.0,1220.0,iq,4.99476596381044,286640340965.517,6504.12428393548,15.511,26.9938337592464,7.63981140218355,20.237730601562,285694140965.517
Iraq,2023.0,172.0,1.0,iq,4.35835351089586,250842782139.464,5565.12644647176,15.447,-18.1894127218862,-2.93555773971221,11.3117013578386,251816082139.464
Iraq,2024.0,0.0,0.0,iq,2.554233037969812,16608801798.988466,1849.279733011051,15.524,1.9752454489124902,2.5462766841269335,-16.028488031906782,16769267129.542799
Iraq,2025.0,0.0,0.0,iq,2.554233037969812,16608801798.988466,1849.279733011051,11.998666666666665,1.9752454489124902,2.5462766841269335,-16.028488031906782,16769267129.542799
Ireland,2017.0,0.0,0.0,ie,0.362173038229378,348532394023.595,72499.3268743015,6.713,1.4999372190243,10.0496285394614,1.64776682090383,268367803612.568
Ireland,2018.0,0.0,0.0,ie,0.471130713712916,395461216460.418,81248.3135388,5.741,0.92433709655964,7.54434190760031,4.53684281424396,300093279897.474
Ireland,2019.0,0.0,0.0,ie,0.937842961189274,407124824064.995,82508.4659883582,4.95,3.39169553046668,5.040550288018,-20.5619614423642,309776780487.207
Ireland,2020.0,89517.0,2264.0,ie,-0.326183651280033,436555518400.451,87567.1148972037,5.623,-1.92433938965517,7.15789883057209,-6.71276262590436,324405107692.09
Ireland,2021.0,662914.0,3820.0,ie,2.34034113447044,531306516907.984,105561.137468992,6.364,1.09810305153333,16.2556132446002,12.2562799365962,383333737150.831
Ireland,2022.0,939715.0,2407.0,ie,7.82945736434105,548570250341.987,106194.755859223,4.501,6.76287565719737,8.61950355191492,8.82777423084431,382869674217.081
Ireland,2023.0,36807.0,919.0,ie,6.29942487419125,551394889339.778,103887.800388081,4.288,3.62187153658782,-5.53000736095537,8.11468850147428,419845585586.835
Ireland,2024.0,23302.0,360.0,ie,2.11344999577317,9177937750079.96,23504.664057106962,4.369,3.2059769336673436,4.525794629994259,1.193549912283165,9142202588523.14
Ireland,2025.0,9997.0,105.0,ie,1.5689846304538282,1360601919184.7866,54296.55893252574,5.782666666666667,2.4692334657451904,1.679490259017429,-1.22947824443343,1323447842031.2634
Isle of Man,2017.0,0.0,0.0,im,119.53150797388173,6979788333.50279,83481.3038489014,10.465666666666667,3.99999709759626,2.83775741504488,-1.6296059817875632,6365336425.65996
Isle of Man,2018.0,0.0,0.0,im,3.33150480787511,7491649455.92717,89393.8244248812,3.821,1.29998718635152,2.21339675044368,-1.6296059817875632,7111610978.58397
Isle of Man,2019.0,0.0,0.0,im,3.33150480787511,7314967866.28289,87127.5517977404,3.821,1.80000342483409,0.254878786117672,-1.6296059817875632,6961139582.22977
Isle of Man,2020.0,379.0,35.0,im,9.968572887105688,6684225641.02564,79513.5330346598,8.805000000000001,-0.205802426208734,-8.8368174000649,-8.067993974795943,6534625641.02564
Isle of Man,2021.0,14987.0,32.0,im,4.4386560510922335,7931193222.06405,94299.969348965,4.816333333333334,6.5149168978037,3.83783666558899,-21.094817978852262,6828337218.81813
Isle of Man,2022.0,22642.0,49.0,im,2.652709723851095,1769620977917.0203,23724.237037042156,10.525666666666668,3.3501400114090134,0.995648359949339,-0.719160620232,1728979086193.7634
Isle of Man,2023.0,0.0,0.0,im,2.554233037969812,16608801798.988466,1849.279733011051,11.998666666666665,1.9752454489124902,2.5462766841269335,-16.028488031906782,16769267129.542799
Isle of Man,2024.0,0.0,0.0,im,2.554233037969812,16608801798.988466,1849.279733011051,11.998666666666665,1.9752454489124902,2.5462766841269335,-16.028488031906782,16769267129.542799
Isle of Man,2025.0,0.0,0.0,im,2.554233037969812,16608801798.988466,1849.279733011051,11.998666666666665,1.9752454489124902,2.5462766841269335,-16.028488031906782,16769267129.542799
Israel,2017.0,0.0,0.0,il,0.25941497450575,357227098125.658,40997.9110240274,4.14,0.0402732589144676,4.27342178782185,3.69664005594415,355438750393.854
Israel,2018.0,0.0,0.0,il,0.794075660242718,375149611117.199,42233.2610344935,3.917,0.653516850568892,4.07447600571263,2.90564075690715,374876745460.837
Israel,2019.0,0.0,0.0,il,0.84978312826417,399651065197.871,44140.8289372511,3.731,1.90166538221106,3.78514145224655,3.34369182611431,397736725276.623
Israel,2020.0,419661.0,3336.0,il,-0.61441235846577,411728563086.632,44679.7715799755,4.169,0.971284967965317,-1.46460564253812,4.05349579705705,407899013182.635
Israel,2021.0,962275.0,4923.0,il,1.51020047690539,489708278893.053,52255.6159050999,4.812,2.07020211665778,9.34390774596847,3.25881768551542,482170209223.983
Israel,2022.0,3381658.0,3805.0,il,4.39359665912654,525000415276.678,54930.7261602593,3.695,4.72579800556809,6.47037150232485,3.2579212324977,520492108611.226
Israel,2023.0,77964.0,643.0,il,4.22535211267609,513611100815.691,52642.4267486308,3.596,4.26608944082265,2.42300691049012,3.62219585411103,506703670405.958
Israel,2024.0,0.0,0.0,il,3.07052614744924,16608801798.988466,1849.279733011051,3.15,1.9752454489124902,2.5462766841269335,-16.028488031906782,16769267129.542799
Israel,2025.0,0.0,0.0,il,2.554233037969812,16608801798.988466,1849.279733011051,11.998666666666665,1.9752454489124902,2.5462766841269335,-16.028488031906782,16769267129.542799
Italy,2017.0,0.0,0.0,it,1.22653316645812,1970720904584.71,32554.14668453,11.211,0.709821721481291,1.60369994648362,2.47968309636806,1972735013154.24
Italy,2018.0,0.0,0.0,it,1.13748763600391,2099435266458.67,34746.3441392416,10.61,1.07058153142322,0.826646697363699,2.57144669559437,2115040163160.31
Italy,2019.0,0.0,0.0,it,0.611246943765304,2019606796583.53,33812.788724868,9.951,1.04700690370913,0.429162534371912,3.23388196417885,2027301728521.57
Italy,2020.0,2083689.0,73604.0,it,-0.13770757391651,1907481094079.23,32091.4866621366,9.164,1.57740277527265,-8.86822121046387,3.9369545603398,1921655176693.23
Italy,2021.0,3897739.0,63643.0,it,1.87378325762481,2179207773596.09,36852.5425414951,9.497,1.28332191197099,8.9310620660078,2.36551166160116,2182382012040.27
Italy,2022.0,19187010.0,47545.0,it,8.20128991161718,2102995942720.44,35635.7442204098,8.069,3.56016140243167,4.66176265113695,-1.5588851197709,2085487745453.12
Italy,2023.0,1493963.0,10255.0,it,5.62219442195901,2300941152991.81,39003.3160954123,7.627,5.81875394007432,0.69763299419678,-0.0107548120555719,2250908366681.8
Italy,2024.0,297198.0,3225.0,it,0.982373023061417,850593141998.3939,26164.54912739896,6.778,7.6730281751351095,-1.063562648266816,-0.20899125015239303,833953663276.0206
Italy,2025.0,9006.0,251.0,it,1.5689846304538282,1360601919184.7866,54296.55893252574,5.782666666666667,2.4692334657451904,1.679490259017429,-1.22947824443343,1323447842031.2634
Jamaica,2017.0,0.0,0.0,jm,4.37839864991561,14808985171.3441,5259.31334136812,7.399,6.54982735214614,0.997123062335191,-2.68406864668736,14387985171.3441
Jamaica,2018.0,0.0,0.0,jm,3.73663882152163,15730792835.5811,5578.10346083169,5.47,4.99324114976486,1.88992368121086,-1.49278165628941,15134792835.5809
Jamaica,2019.0,0.0,0.0,jm,3.90510000865872,15830766570.7266,5607.24300668501,4.987,3.18250309465809,0.892291653822227,-1.91168616244942,15389266570.7267
Jamaica,2020.0,12793.0,302.0,jm,5.2267777929352,13812421803.4084,4879.44024631319,6.501,3.46419204267427,-9.92032244889079,-1.13600321037607,13358021803.4082
Jamaica,2021.0,80798.0,2168.0,jm,5.86278242801063,14657586127.0331,5165.33780988607,5.188,7.42596071258264,4.6014245042592,1.01832689330442,14238986127.0331
Jamaica,2022.0,59200.0,993.0,jm,10.3495688391272,17097760723.9201,6022.15341099999,4.083,12.7978003859778,5.22151984737387,-0.797768635721277,16744360723.9202
Jamaica,2023.0,3855.0,136.0,jm,6.47413734662063,19423355409.2316,6839.72503886968,4.4,11.6865531940529,2.20006147154612,2.92911319510629,19134255409.2317
Jamaica,2024.0,704.0,22.0,jm,5.41194447981659,170399070970.07272,4118.6517339046,4.885,9.469120786382435,1.8175956863047718,-3.3041732200028537,166961510329.8563
Jamaica,2025.0,301.0,13.0,jm,6.629747058146063,152086838139.10095,3481.388420232403,11.628333333333332,2.732168173231121,2.749001067581723,-9.336553014427066,150228357435.71027
Japan,2017.0,0.0,0.0,jp,0.484199796126385,4930837369151.42,38834.0529341227,2.822,-0.0743495037290671,1.67533175166503,4.12036966283801,5113251596855.53
Japan,2018.0,0.0,0.0,jp,0.989094598021848,5040880939324.86,39751.1330982711,2.467,-0.0002375063876058,0.643391023460339,3.51661817468288,5233677416722.46
Japan,2019.0,0.0,0.0,jp,0.46877615938395,5117993853016.51,40415.9567649547,2.351,0.63480316569607,-0.402169200910933,3.45076611445329,5318494421653.03
Japan,2020.0,230304.0,3414.0,jp,-0.024995834027731,5055587093501.59,40040.7655055923,2.809,0.941449700794308,-4.14711889947692,2.96758662260168,5241005753827.88
Japan,2021.0,1503484.0,14979.0,jp,-0.233352779398264,5034620784584.98,40058.5373276179,2.828,-0.19006062486126,2.55932023865617,3.90347308918604,5275289207258.22
Japan,2022.0,27371282.0,39120.0,jp,2.49770278172255,4256410760723.75,34017.2718075024,2.6,0.333979877221765,0.954736937781391,2.1180194826945,4515110236512.52
Japan,2023.0,4698502.0,17181.0,jp,3.26813365933163,4204494802431.55,33766.5268253808,2.6,3.79301783489684,1.67901952310368,3.7860667684835,4453892010756.24
Japan,2024.0,0.0,0.0,jp,2.73853681635241,16608801798.988466,1849.279733011051,2.563,1.9752454489124902,2.5462766841269335,-16.028488031906782,16769267129.542799
Japan,2025.0,0.0,0.0,jp,2.554233037969812,16608801798.988466,1849.279733011051,11.998666666666665,1.9752454489124902,2.5462766841269335,-16.028488031906782,16769267129.542799
Jordan,2017.0,0.0,0.0,jo,3.32389447576097,41608435915.493,4065.61628749384,18.12,1.78355010971296,2.47359815449045,-10.5575150922046,41401816901.4085
Jordan,2018.0,0.0,0.0,jo,4.46231108475481,43370860704.2254,4145.43989673265,18.257,2.27304680591043,1.91907091341564,-6.83122381081,43171142394.3662
Jordan,2019.0,0.0,0.0,jo,0.761514047265601,44503006338.0282,4170.1144003465,16.801,0.844355656854063,1.75124077866225,-1.73661317294453,44510471126.7606
Jordan,2020.0,293067.0,3815.0,jo,0.333294350628378,43700383098.5916,4022.0401356135,19.213,-0.708587970279524,-1.10275188309046,-5.73222808631066,43576298591.5493
Jordan,2021.0,768493.0,8805.0,jo,1.34609377243118,46296100140.8451,4183.49998326866,19.837,2.20360600532175,3.65564191030398,-8.0300621920483,46064410000.0
Jordan,2022.0,685437.0,1502.0,jo,4.22915568897117,48764963380.2817,4332.25159897931,18.2,2.61607218645355,2.64743616429071,-7.82338416371671,48259188732.3944
Jordan,2023.0,0.0,0.0,jo,2.08486986327134,50967475352.1127,4455.50540514568,17.969,1.79036458654697,2.67827153754409,-3.74831698453371,50463109154.9296
Jordan,2024.0,0.0,0.0,jo,2.554233037969812,16608801798.988466,1849.279733011051,17.996,1.9752454489124902,2.5462766841269335,-16.028488031906782,16769267129.542799
Jordan,2025.0,0.0,0.0,jo,2.554233037969812,16608801798.988466,1849.279733011051,11.998666666666665,1.9752454489124902,2.5462766841269335,-16.028488031906782,16769267129.542799
Kazakhstan,2017.0,0.0,0.0,kz,7.44266321306792,166805788827.233,8943.08416791984,4.9,11.211105653729,4.10000000257358,-2.05429721551443,148657290109.179
Kazakhstan,2018.0,0.0,0.0,kz,6.16366247577751,179339977690.485,9472.48527327758,4.85,9.20560599766662,4.09999999309841,-0.984581633983154,157278679804.064
Kazakhstan,2019.0,0.0,0.0,kz,5.33356098916669,181667184854.501,9457.12614657136,4.8,7.63328623733945,4.50000000091883,-3.8684220835049,158974562541.081
Kazakhstan,2020.0,200443.0,2749.0,kz,6.71815454861464,171082365861.423,8781.50797787648,4.89,4.21085829258907,-2.49999999628,-6.46182057750937,156009669230.591
Kazakhstan,2021.0,871594.0,15478.0,kz,8.04147134028396,197112255360.612,9983.60103576902,5.546,13.9300750551614,4.29999999729456,-1.35935671668035,172923312214.507
Kazakhstan,2022.0,421499.0,831.0,kz,15.0278644440851,225496328925.494,11255.3396437881,4.86,19.7690064802492,3.19999999970734,2.85390106329207,199981133856.769
Kazakhstan,2023.0,9669.0,14.0,kz,14.7249900200331,262641892078.524,12918.8661346014,4.821,9.85761932391583,5.09999999973641,-3.41952978676609,236494030772.199
Kazakhstan,2024.0,1165.0,0.0,kz,4.85655589318192,174110570800.40396,4075.6184190394433,4.794,7.804128684910034,2.2004297867610165,-1.3733326771250036,169493857562.1804
Kazakhstan,2025.0,0.0,0.0,kz,2.554233037969812,16608801798.988466,1849.279733011051,11.998666666666665,1.9752454489124902,2.5462766841269335,-16.028488031906782,16769267129.542799
Kenya,2017.0,0.0,0.0,ke,8.00564967709945,82036510877.2599,1667.48447230835,3.541,7.58193402820181,3.83795817364721,-6.99683322084959,80475458830.12
Kenya,2018.0,0.0,0.0,ke,4.6898064677633,92202979985.2863,1836.45275528993,4.284,4.21502841459056,5.64794640709219,-5.41106679141752,90812279975.0377
Kenya,2019.0,0.0,0.0,ke,5.23963795764792,100378436207.371,1960.40808854893,5.014,4.2752342393575,5.11415885767801,-5.23852935907811,98773632628.9327
Kenya,2020.0,96251.0,1667.0,ke,5.40516207933392,100657505750.545,1927.66459027849,5.619,4.94885283291357,-0.272766327438816,-3.70614438428959,99981709856.8935
Kenya,2021.0,195986.0,3709.0,ke,6.10793603659176,109703658904.994,2061.35622089594,5.693,4.3307475585662,7.59048947333467,-5.10159025996023,108174641713.497
Kenya,2022.0,50233.0,312.0,ke,7.65986268272224,114448978152.637,2109.56288513137,5.707,6.95705445631218,4.85998104287999,-5.14588548301183,112689233872.207
Kenya,2023.0,1624.0,1.0,ke,7.67139634029402,108038588970.595,1952.30457929636,5.567,6.10780209189015,5.55587301319866,-3.99586269636629,106151840150.547
Kenya,2024.0,31.0,0.0,ke,4.48978854243448,16608801798.988466,1849.279733011051,5.434,1.9752454489124902,2.5462766841269335,-16.028488031906782,16769267129.542799
Kenya,2025.0,12.0,0.0,ke,2.554233037969812,16608801798.988466,1849.279733011051,11.998666666666665,1.9752454489124902,2.5462766841269335,-16.028488031906782,16769267129.542799
Kiribati,2017.0,0.0,0.0,ki,0.355520888546828,222875724.653979,1853.0511299437,5.546666666666667,0.91703742395508,3.74913001948165,31.6324764748156,393942612.908992
Kiribati,2018.0,0.0,0.0,ki,0.564030491493476,233514703.710292,1912.73798131035,5.546666666666667,3.86213659037344,3.47943880004293,32.9466543216842,403822028.281197
Kiribati,2019.0,0.0,0.0,ki,-1.81307995302947,216985362.338171,1750.99750920482,7.101666666666667,-3.28622635523891,3.26425930432951,40.0111168249068,411922551.894316
Kiribati,2020.0,0.0,0.0,ki,2.5532455441463,223123620.597516,1769.43211760217,4.152,4.45803262864328,-0.562016449352072,31.9457764390584,379762256.830964
Kiribati,2021.0,0.0,0.0,ki,2.05361676773907,289339292.157301,2253.82500103057,1.8933333333333333,9.47162129039607,8.52266121721455,6.99903512451459,450862098.649805
Kiribati,2022.0,3430.0,13.0,ki,5.34595440908904,270841698.369345,2075.90844085067,13.397666666666666,-2.43745796327806,3.90535280738948,-12.0081647069354,412934906.303186
Kiribati,2023.0,1655.0,11.0,ki,9.28307374517721,279208903.337644,2106.76000405677,6.056,3.36844589533216,4.12459054312031,-1.83260365739708,466251742.745288
Kiribati,2024.0,0.0,0.0,ki,2.554233037969812,16608801798.988466,1849.279733011051,11.998666666666665,1.9752454489124902,2.5462766841269335,-16.028488031906782,16769267129.542799
Kiribati,2025.0,0.0,0.0,ki,2.554233037969812,16608801798.988466,1849.279733011051,11.998666666666665,1.9752454489124902,2.5462766841269335,-16.028488031906782,16769267129.542799
Kuwait,2017.0,0.0,0.0,kw,2.17183298510006,120687539675.517,29047.6535822842,2.227,16.2308738354507,-4.71222158000512,6.42748123987403,139464096588.1
Kuwait,2018.0,0.0,0.0,kw,0.543133148199567,138646316321.596,32067.9623689512,2.204,11.2991701085752,2.74333053861318,17.3456575452398,156983445241.041
Kuwait,2019.0,0.0,0.0,kw,1.09184802655856,140856394870.02,31707.8737464917,2.251,-0.110446099385726,2.26381690553512,21.4792265624363,161059878933.509
Kuwait,2020.0,150298.0,933.0,kw,2.101729548274,111045470461.207,25236.0755520534,3.557,-16.4586799927762,-4.81742860622226,19.8384588748188,127412093261.493
Kuwait,2021.0,266333.0,1535.0,kw,3.42362947609188,148459291453.471,34043.542153557,3.002,28.7770836845713,2.26080609815888,23.5373149595846,172593781562.64
Kuwait,2022.0,246287.0,102.0,kw,3.98064961990313,183940215065.171,40077.238047746,2.174,18.8292916806594,5.85920887270251,34.2924461669909,209941847718.232
Kuwait,2023.0,3668.0,0.0,kw,3.64216403030709,163704878875.85,33729.7985494456,2.127,-7.35671016267938,-3.64042590261035,31.395617236714,195985100891.899
Kuwait,2024.0,704.0,0.0,kw,2.89855072463762,170399070970.07272,4118.6517339046,2.144,9.469120786382435,1.8175956863047718,-3.3041732200028537,166961510329.8563
Kuwait,2025.0,0.0,0.0,kw,2.554233037969812,16608801798.988466,1849.279733011051,11.998666666666665,1.9752454489124902,2.5462766841269335,-16.028488031906782,16769267129.542799
Latvia,2017.0,0.0,0.0,lv,2.93036312374665,29391059767.4259,15132.4958333982,8.715,2.7092393048564,3.39894937779009,1.53282603585066,30407324342.8224
Latvia,2018.0,0.0,0.0,lv,2.53445424186598,33247935477.3576,17252.1710428626,7.412,3.74028070418355,4.30971088766286,-0.384114199278582,33883344508.4941
Latvia,2019.0,0.0,0.0,lv,2.81140920075615,33099503950.847,17294.9751600969,6.312,4.31637930930459,0.675375256812075,-0.173662933662394,33726980608.3372
Latvia,2020.0,36330.0,632.0,lv,0.219064904842156,33379927434.6149,17564.2321549354,8.098,2.39332868457409,-3.46922915339618,3.09270300452461,34385289591.9083
Latvia,2021.0,235099.0,4183.0,lv,3.27582937431156,38185125732.9451,20262.8433862451,7.513,3.29767842276085,6.94723316214511,-4.13624329026991,38710728430.3017
Latvia,2022.0,699090.0,2196.0,lv,17.3102830198815,38018905782.397,20229.4613617326,6.815,9.83594135273617,1.8126824022841,-5.4769655564334,40324774809.7044
Latvia,2023.0,7182.0,454.0,lv,8.93804623316637,42247850064.5125,22502.8429938094,6.465,6.4069165256975,1.70679524969924,-3.93603588100191,43719961550.3251
Latvia,2024.0,69.0,88.0,lv,1.26579885828729,16608801798.988466,1849.279733011051,6.72,1.9752454489124902,2.5462766841269335,-16.028488031906782,16769267129.542799
Latvia,2025.0,13.0,88.0,lv,2.554233037969812,16608801798.988466,1849.279733011051,11.998666666666665,1.9752454489124902,2.5462766841269335,-16.028488031906782,16769267129.542799
Lebanon,2017.0,0.0,0.0,lb,4.32135218303191,53027680685.9038,8608.21084982387,10.251,2.7485363221939,0.903028464073813,-22.8822040339123,52818460685.9038
Lebanon,2018.0,0.0,0.0,lb,6.07698907889607,54901519155.5556,9174.53666204759,10.745,5.52248710107466,-1.88470575631651,-24.3470417876755,53788969155.5556
Lebanon,2019.0,0.0,0.0,lb,3.00538949390383,51605959131.2741,8905.88005497437,11.301,4.09482315573024,-6.91492472851026,-21.828092491848,50358759131.2741
Lebanon,2020.0,177996.0,1443.0,lb,84.8643330472041,31712128253.7961,5561.19166950397,13.284,85.5420423400206,-21.3998996914321,-8.76184199911137,30697478253.7961
Lebanon,2021.0,545644.0,7659.0,lb,154.756096023393,23131941556.7843,4045.37391066234,12.669,150.000716803737,-7.00123862514116,-19.6978128626341,21239241556.7843
Lebanon,2022.0,499021.0,1645.0,lb,171.205491336641,20992421948.8081,3654.35845534878,11.6,112.149478998819,-0.621678970663112,-34.606227109401,20158671948.8081
Lebanon,2023.0,17243.0,200.0,lb,221.341644023365,1146810198972.0896,21107.32410948486,11.543,5.439996995112243,-1.4783121329784408,-28.103669636709,1122483769590.0603
Lebanon,2024.0,0.0,0.0,lb,2.554233037969812,16608801798.988466,1849.279733011051,11.998666666666665,1.9752454489124902,2.5462766841269335,-16.028488031906782,16769267129.542799
Lebanon,2025.0,0.0,0.0,lb,2.554233037969812,16608801798.988466,1849.279733011051,11.998666666666665,1.9752454489124902,2.5462766841269335,-16.028488031906782,16769267129.542799
Lesotho,2017.0,0.0,0.0,ls,4.447699373763,2306741672.29006,1069.36673247542,16.401,2.01891023820184,-3.13817493733471,-9.01074725417763,2620025914.52694
Lesotho,2018.0,0.0,0.0,ls,4.7518030162474,2556247291.99785,1170.65569702819,16.625,11.7230687269439,-1.48063315848241,-5.62372777156263,3042775635.89218
Lesotho,2019.0,0.0,0.0,ls,5.18708359197982,2390702295.82777,1082.05706777516,16.876,3.57545446932066,-1.41799383085205,-7.45753439541607,2852674377.63294
Lesotho,2020.0,2577.0,64.0,ls,4.97809676252309,2053699870.07191,918.582577421982,18.399,6.54820559883913,-8.15595879914267,-5.89018409974701,2441757550.00044
Lesotho,2021.0,27075.0,607.0,ls,6.04774591950676,2412130056.55851,1066.58645143823,18.23,3.12378106466741,2.26671067006538,-8.12794759731639,2813524924.21853
Lesotho,2022.0,4838.0,35.0,ls,8.27180389943028,2354683088.71995,1029.99553333827,16.688,5.53005469308407,2.38778020186284,-11.4187592679775,2827049713.28265
Lesotho,2023.0,1648.0,3.0,ls,6.34221743124953,2117962450.79469,916.282979328622,16.457,-0.368097835928623,1.82662525852363,-6.99085047562451,2576299023.47091
Lesotho,2024.0,0.0,0.0,ls,6.10544624245032,16608801798.988466,1849.279733011051,16.147,1.9752454489124902,2.5462766841269335,-16.028488031906782,16769267129.542799
Lesotho,2025.0,2.0,0.0,ls,2.554233037969812,16608801798.988466,1849.279733011051,11.998666666666665,1.9752454489124902,2.5462766841269335,-16.028488031906782,16769267129.542799
Liberia,2017.0,0.0,0.0,lr,12.4196323907138,3390703400.0,699.269095727404,3.066,-2.61793415299387,2.45515592012239,-16.6798323783013,3087813500.0
Liberia,2018.0,0.0,0.0,lr,23.5635148953742,3422754800.0,692.203127129794,3.056,-0.209872797387817,1.15757512207355,-19.6944373252366,2985754800.0
Liberia,2019.0,0.0,0.0,lr,26.9662760197878,3319596500.0,658.164180770507,3.068,-0.560426634044902,-2.46729763532686,-19.6832166735006,2965834700.0
Liberia,2020.0,1854.0,89.0,lr,16.9557241496255,3176126300.0,616.787867006715,4.109,-1.38060188980627,-2.98249127649473,-8.65744008690813,2887982500.0
Liberia,2021.0,4730.0,198.0,lr,7.81559385858648,3513049500.0,667.96610514319,3.845,5.35427604467455,4.98671283481617,-2.89623383635124,3295000000.0
Liberia,2022.0,1469.0,7.0,lr,7.59298486560313,4001047000.0,744.617175237387,2.977,8.66620854081535,4.80810517290655,1.61973328165346,3751047000.0
Liberia,2023.0,-123.0,0.0,lr,10.0944535665552,4240000000.0,771.887142089677,2.933,1.23085463416679,4.68375688761311,-1.6296059817875637,3967000000.0
Liberia,2024.0,2.0,0.0,lr,2.554233037969812,16608801798.988466,1849.279733011051,2.882,1.9752454489124902,2.5462766841269335,-16.028488031906782,16769267129.542799
Liberia,2025.0,0.0,0.0,lr,2.554233037969812,16608801798.988466,1849.279733011051,11.998666666666665,1.9752454489124902,2.5462766841269335,-16.028488031906782,16769267129.542799
Libya,2017.0,0.0,0.0,ly,25.8036184788338,67157452181.7738,9965.83236729757,19.02,1.80666382178316,32.4918021862688,6.59107791644499,68439540256.2741
Libya,2018.0,0.0,0.0,ly,13.1702038536721,76686029772.1483,11196.5854810844,18.836,3.59757389264269,7.9413678529104,14.7041123833162,77676603170.6261
Libya,2019.0,0.0,0.0,ly,-2.16217883470595,69254496471.6938,9963.19489084483,19.05,4.17567264236536,-11.1960828853386,6.95550505080755,71084266693.7479
Libya,2020.0,99935.0,1459.0,ly,1.44703656998741,46854285440.642,6650.33810585348,19.613,-4.75412381683802,-29.4552967282824,-10.2022684905863,47692571365.2013
Libya,2021.0,288248.0,4237.0,ly,2.86833027751019,35217995647.2862,4935.82787349801,19.641,90.405606412238,28.3334624622298,16.1147728474926,34577448955.2933
Libya,2022.0,118959.0,741.0,ly,4.51030149235703,43246297921.8499,5986.63694851258,19.282,42.6971019985904,-8.25163004105288,-21.094817978852262,42951797929.641
Libya,2023.0,127.0,0.0,ly,2.37317531435169,45096462972.4014,6172.81246940233,18.753,-5.34146995735976,10.1558181770326,-10.877131741185003,45309062967.0407
Libya,2024.0,0.0,0.0,ly,2.12615766885025,16608801798.988466,1849.279733011051,18.615,1.9752454489124902,2.5462766841269335,-16.028488031906782,16769267129.542799
Libya,2025.0,0.0,0.0,ly,2.554233037969812,16608801798.988466,1849.279733011051,11.998666666666665,1.9752454489124902,2.5462766841269335,-16.028488031906782,16769267129.542799
Liechtenstein,2017.0,0.0,0.0,li,119.53150797388173,6474308717.85289,170547.092298954,10.465666666666667,138.7780152082123,0.3665184358993933,-1.6296059817875632,6748709241.06218
Liechtenstein,2018.0,0.0,0.0,li,3.33150480787511,6692620691.84146,174988.775083446,3.821,139.5752990989769,0.3665184358993933,-1.6296059817875632,6917596481.37865
Liechtenstein,2019.0,0.0,0.0,li,3.33150480787511,6436467007.11932,166907.839305016,3.821,138.7780152082123,0.3665184358993933,-1.6296059817875632,6269829689.81912
Liechtenstein,2020.0,2223.0,44.0,li,2.9430927851017166,6405870210.32293,164671.093553454,5.550666666666667,138.7780152082123,0.3665184358993933,-17.565051545445744,6866331075.94249
Liechtenstein,2021.0,4067.0,25.0,li,9.307933859750467,7710380085.92257,196783.729414593,12.005,139.01552680410825,0.3665184358993933,-17.565051545445744,7098789073.87021
Liechtenstein,2022.0,15013.0,18.0,li,4.4386560510922335,7361504432.19331,186400.23376784,4.816333333333334,138.98526828568015,0.3665184358993933,-21.094817978852262,7309567600.55676
Liechtenstein,2023.0,264.0,1.0,li,3.7310721881079387,75562525362.76717,1857.1581772841673,11.459999999999999,3.13767068671865,1.7787437773967667,-17.3876679057941,74979482653.2517
Liechtenstein,2024.0,46.0,1.0,li,2.554233037969812,16608801798.988466,1849.279733011051,11.998666666666665,1.9752454489124902,2.5462766841269335,-16.028488031906782,16769267129.542799
Liechtenstein,2025.0,15.0,0.0,li,2.554233037969812,16608801798.988466,1849.279733011051,11.998666666666665,1.9752454489124902,2.5462766841269335,-16.028488031906782,16769267129.542799
Lithuania,2017.0,0.0,0.0,lt,3.72288862303707,47756764508.446,16884.7100319318,7.073,4.09579148864047,4.61224314600778,1.08697261761581,46031954861.7177
Lithuania,2018.0,0.0,0.0,lt,2.69792779208394,54261795148.5372,19368.5391045353,6.147,3.5930097078956,4.9183697945524,0.309996924920131,52084496480.7654
Lithuania,2019.0,0.0,0.0,lt,2.33450937988027,55122066225.796,19727.7607453736,6.255,2.3758604116648,4.67735155796807,3.73752991159912,52901803474.7058
Lithuania,2020.0,145051.0,1800.0,lt,1.19989444983569,57412038533.2718,20541.824988603,8.487,2.03874603854945,0.0428140173486753,7.22470104088845,55325495240.9729
Lithuania,2021.0,379375.0,5597.0,lt,4.68354420903453,67037321008.9679,23934.728489916,7.112,5.99976586948216,6.38001676204321,1.46940668521304,64252038543.154
Lithuania,2022.0,763996.0,2085.0,lt,19.7050461518394,71033884499.7824,25085.784063499,5.955,16.0665436484411,2.53752500887173,-6.08497389220301,68451885058.5839
Lithuania,2023.0,79725.0,291.0,lt,9.11731962390475,79789877416.1681,27786.0057829276,6.841,9.02175581692678,0.34226255222913,1.10087710830163,76751468656.0277
Lithuania,2024.0,51718.0,97.0,lt,0.715735835228723,8810345882811.213,7894.668189328074,7.504,10.227897405693115,5.765658208604243,3.439600756095152,8782872449065.7295
Lithuania,2025.0,20765.0,14.0,lt,2.652709723851095,1769620977917.0203,23724.237037042156,10.525666666666668,3.3501400114090134,0.995648359949339,-0.719160620232,1728979086193.7634
Luxembourg,2017.0,0.0,0.0,lu,1.73079959118887,65712180342.9836,110193.213797228,5.523,2.14290399690169,1.31718766293677,6.18033427082303,47031112675.0589
Luxembourg,2018.0,0.0,0.0,lu,1.5281952430738,71000359760.4611,116786.511654677,5.589,2.11133910459871,1.21932191856359,8.3299045617089,50751283867.9215
Luxembourg,2019.0,0.0,0.0,lu,1.74332075653848,69890505323.5842,112726.439672814,5.592,0.900736076793322,2.9158479150005,8.61852198736833,47877349992.9411
Luxembourg,2020.0,38383.0,285.0,lu,0.819957302127036,73699366700.2134,116905.370396853,6.766,4.3010148081047,-0.909829798886719,5.09743603704197,51783516552.218
Luxembourg,2021.0,57505.0,350.0,lu,2.52692009066166,85584105993.8746,133711.794435985,5.571,4.64389231812459,7.16840198697749,6.53591622323811,58630447829.0688
Luxembourg,2022.0,268979.0,320.0,lu,6.33600807777919,81641807865.7591,125006.021815486,4.588,5.68354663317177,1.38018589083207,9.19738675468933,54993885553.5022
Luxembourg,2023.0,25170.0,45.0,lu,3.74140361983136,85755006123.5976,128678.189942826,5.184,3.43002456230172,-1.09572361576994,11.4985644113655,55813004025.6441
Luxembourg,2024.0,6867.0,0.0,lu,2.05113269954859,1132340030819.1145,41876.879182814766,5.935,10.50952616301233,2.658854830213813,-3.46757714476457,1099725053459.0312
Luxembourg,2025.0,2358.0,0.0,lu,9.519130481890453,174110570800.40396,4075.6184190394433,12.746,7.804128684910034,2.2004297867610165,-1.3733326771250036,169493857562.1804
Madagascar,2017.0,0.0,0.0,mg,8.60905075422949,13176313593.5509,491.866848718929,2.119,4.96153975601543,3.93330759462793,-0.228589799383039,12760046042.0203
Madagascar,2018.0,0.0,0.0,mg,8.59422958870476,13760033282.2925,500.45718552916,2.297,8.29799331094843,3.19435651744398,0.712560880258365,13299570422.2112
Madagascar,2019.0,0.0,0.0,mg,5.61051441492365,14104664678.5063,499.818837622534,2.469,6.52209064077279,4.41123212909589,-2.13564971662682,13612309667.8372
Madagascar,2020.0,17714.0,261.0,mg,4.20179312190557,13051441203.9474,450.771615201509,3.284,4.31114513583488,-7.13767162064489,-4.7784229274215,12717776244.3308
Madagascar,2021.0,32565.0,766.0,mg,5.81225118787715,14554754116.5427,490.206238571448,3.487,6.64074341609775,5.73961573854336,-4.96025397424559,14294802412.8899
Madagascar,2022.0,17471.0,391.0,mg,8.16059031991844,15134700203.0497,497.242514792961,3.186,6.93296643519818,3.99999999869678,-5.47996370230454,14765327495.3101
Madagascar,2023.0,732.0,8.0,mg,9.87432675044888,15790113246.7478,506.159368687808,3.069,8.69367544716614,3.80000000009488,-8.067993974795943,15444839759.942
Madagascar,2024.0,121.0,2.0,mg,2.554233037969812,16608801798.988466,1849.279733011051,3.012,1.9752454489124902,2.5462766841269335,-16.028488031906782,16769267129.542799
Madagascar,2025.0,110.0,0.0,mg,2.554233037969812,16608801798.988466,1849.279733011051,11.998666666666665,1.9752454489124902,2.5462766841269335,-16.028488031906782,16769267129.542799
Malawi,2017.0,0.0,0.0,mw,11.5433939188771,8943543793.5839,495.769683367165,5.039,10.5769245154404,4.00000000038216,-17.4208707671145,8735399094.03681
Malawi,2018.0,0.0,0.0,mw,12.420178108921,9879231591.52434,533.203173686705,5.014,6.15234698561271,4.35356471619211,-17.2586885571347,9558096354.04683
Malawi,2019.0,0.0,0.0,mw,9.3708360560567,11051865579.8121,580.889816066776,4.966,7.72855642393151,5.71682519194337,-11.953204223662,10785451582.33
Malawi,2020.0,6471.0,189.0,mw,8.62551469650552,11769313597.8545,602.507478176106,5.728,6.21829711958308,0.793596429787286,-13.9233224686156,11440171500.7669
Malawi,2021.0,67730.0,2166.0,mw,9.33014410835212,12378129750.9872,617.447520802454,5.662,8.15296842929594,4.55829212016083,-15.492249323196,12006215738.734
Malawi,2022.0,14010.0,330.0,mw,20.953969729969,12429060150.742,604.269751184515,5.037,17.1668303930955,0.921115069005936,-17.8461868521848,12054582591.864
Malawi,2023.0,957.0,1.0,mw,28.7897428247298,12712150082.0792,602.343619809252,5.033,22.8067220172078,1.89245798756383,-17.9049420444647,12349147692.6145
Malawi,2024.0,0.0,0.0,mw,32.1796504225025,16608801798.988466,1849.279733011051,5.045,1.9752454489124902,2.5462766841269335,-16.028488031906782,16769267129.542799
Malawi,2025.0,0.0,0.0,mw,2.554233037969812,16608801798.988466,1849.279733011051,11.998666666666665,1.9752454489124902,2.5462766841269335,-16.028488031906782,16769267129.542799
Malaysia,2017.0,0.0,0.0,my,3.87120115774237,319109094160.343,9862.54806612235,3.41,3.77896094306453,5.81272240983328,2.807870911226,310119720279.85
Malaysia,2018.0,0.0,0.0,my,0.884709160571235,358788845712.53,10901.8019954421,3.3,0.624674674586643,4.84308697634881,2.23708206947011,347616421527.931
Malaysia,2019.0,0.0,0.0,my,0.662891865764326,365177721021.516,10920.191763972,3.26,0.0718269093121364,4.41318742129586,3.5038866968342,355643356741.268
Malaysia,2020.0,110485.0,463.0,my,-1.1387021539305,337456163961.211,9957.52626697613,4.54,-0.818007729183023,-5.45684658426701,4.18956779359845,330671265155.887
Malaysia,2021.0,2647601.0,31024.0,my,2.47710241465447,373784823672.946,10903.1116425938,4.64,5.67593848764116,3.31534954399166,3.87747670667502,363611089241.775
Malaysia,2022.0,2268078.0,5370.0,my,3.37869862549928,407605841348.235,11748.0919307944,3.93,6.40348511820096,8.86182187578046,3.12519285726352,394667473818.317
Malaysia,2023.0,201158.0,436.0,my,2.48886560125754,399705169318.477,11379.0861000632,3.869,-1.87225562537837,3.55548715410509,1.56542803967803,388101205732.467
Malaysia,2024.0,102514.0,58.0,my,1.834100204499,13495122566044.4,9622.104070651132,3.826,3.0063766728526233,6.54915845982896,0.8089904127730444,13456066031704.865
Malaysia,2025.0,0.0,0.0,my,2.554233037969812,16608801798.988466,1849.279733011051,11.998666666666665,1.9752454489124902,2.5462766841269335,-16.028488031906782,16769267129.542799
Maldives,2017.0,0.0,0.0,mv,2.81747338234509,4816426256.52914,10509.628805812,5.401,2.14358292337704,7.05453901381581,-21.267761433937,4440841844.81037
Maldives,2018.0,0.0,0.0,mv,-0.133373386117595,5404344162.69888,11423.2838427029,4.95,3.28221513262272,8.66800624215867,-27.8019976962882,4911943788.37226
Maldives,2019.0,0.0,0.0,mv,0.220029731065383,5726094799.37709,11740.2724029785,4.562,-1.30973757371325,7.29833574515027,-25.8168822522057,5166269608.4174
Maldives,2020.0,13757.0,48.0,mv,-1.36977425569811,3712604583.36665,7393.8886543933,5.434,-3.36532461650745,-32.9088287752921,-35.7483018974442,3406811511.66321
Maldives,2021.0,81943.0,214.0,mv,0.543149688737013,5252457369.55218,10176.143882547,5.024,2.82866184194621,37.507870124321,-8.63308174559145,4717186260.99335
Maldives,2022.0,89993.0,49.0,mv,2.33314337624567,6177118113.94637,11786.0091545343,4.419,3.41292623420735,13.8260895184139,-16.8682109628804,5465634068.5498
Maldives,2023.0,1001.0,5.0,mv,2.92746542425035,6590894301.9579,12530.3602359683,4.241,1.88425407158763,4.72639189000989,-21.2217011499484,5819886403.88635
Maldives,2024.0,0.0,0.0,mv,1.39979779674928,16608801798.988466,1849.279733011051,4.636,1.9752454489124902,2.5462766841269335,-16.028488031906782,16769267129.542799
Maldives,2025.0,0.0,0.0,mv,2.554233037969812,16608801798.988466,1849.279733011051,11.998666666666665,1.9752454489124902,2.5462766841269335,-16.028488031906782,16769267129.542799
Mali,2017.0,0.0,0.0,ml,1.75985742927156,15365713048.1993,775.536492065709,1.494,1.93427321118722,5.30545608438166,-7.89367012414417,14864816778.5873
Mali,2018.0,0.0,0.0,ml,0.299546507387934,17070867589.9055,835.086710561793,1.62,1.4579639111606,4.74648432724561,-4.89872553380078,16560622892.2968
Mali,2019.0,0.0,0.0,ml,-1.65826694846365,17280250810.0321,820.197390833912,3.29,1.93054206895806,4.75616080770808,-7.45796271471238,16584807149.3751
Mali,2020.0,7029.0,269.0,ml,0.438088940320668,17465392764.3706,804.343956745857,3.528,0.532340181509667,-1.235450447077,-2.17391657299105,16726618026.267
Mali,2021.0,13641.0,389.0,ml,3.92560283104276,19309463508.0377,862.467400106111,3.966,3.3589739985495,3.05261356942125,-7.6051876049087,18419319470.4693
Mali,2022.0,12100.0,85.0,ml,9.62147608489072,18780322203.7584,813.965034073188,2.387,5.72783445978014,3.47495171106735,-7.85624060016223,17997835632.0586
Mali,2023.0,394.0,0.0,ml,2.05880228274214,20661794596.0873,869.270234286992,2.956,2.22593321089587,4.65677599093294,-7.79375130462375,19697353849.2482
Mali,2024.0,19.0,0.0,ml,3.20639864099652,16608801798.988466,1849.279733011051,3.06,1.9752454489124902,2.5462766841269335,-16.028488031906782,16769267129.542799
Mali,2025.0,14.0,0.0,ml,2.554233037969812,16608801798.988466,1849.279733011051,11.998666666666665,1.9752454489124902,2.5462766841269335,-16.028488031906782,16769267129.542799
Malta,2017.0,0.0,0.0,mt,1.36435448150708,14161366723.6779,30259.3952629768,4.002,2.13502600271886,12.972119343498,19.1577413621011,13113525048.4068
Malta,2018.0,0.0,0.0,mt,1.15782362451517,16153779511.1559,33332.1905601302,3.658,1.79841678185963,7.18909653691901,13.3484161587894,14669786905.1092
Malta,2019.0,0.0,0.0,mt,1.6420600176894,16337793530.7788,32412.2697818499,3.616,2.50640359192941,4.08470602847339,17.8499331598587,14798835701.3958
Malta,2020.0,12616.0,227.0,mt,0.638544956776712,16385919535.6742,31796.8213417258,4.347,1.83795253840574,-3.47468750932252,16.1164990939613,14532952942.6412
Malta,2021.0,34820.0,266.0,mt,1.49789217934724,19718565605.433,38027.3801730893,3.394,2.42641153412831,13.4603051960595,9.35025700944488,17295453183.5826
Malta,2022.0,68801.0,341.0,mt,6.15375621933037,19209979975.2323,36142.2058531852,2.921,5.06118591578404,4.14788281601133,-0.872518136261447,16534181877.2483
Malta,2023.0,4903.0,55.0,mt,5.09396758978883,22328640241.5553,40395.7692064458,3.11,5.30471876620035,7.49851245937869,6.38045045138846,19351359464.3398
Malta,2024.0,2464.0,37.0,mt,9.519130481890453,174110570800.40396,4075.6184190394433,2.703,7.804128684910034,2.2004297867610165,-1.3733326771250036,169493857562.1804
Malta,2025.0,1425.0,13.0,mt,9.519130481890453,174110570800.40396,4075.6184190394433,12.746,7.804128684910034,2.2004297867610165,-1.3733326771250036,169493857562.1804
Marshall Islands,2017.0,0.0,0.0,mh,63.284610665766394,213700000.0,4592.83457628576,5.546666666666667,2.25841782928005,3.55815188528943,6.04608391648484,261200000.0
Marshall Islands,2018.0,0.0,0.0,mh,1.3550144159706257,220000000.0,4858.12079054875,5.546666666666667,-2.40704270817953,5.48717948717949,24.1051166048242,267900000.0
Marshall Islands,2019.0,0.0,0.0,mh,1.3550144159706257,232900000.0,5292.33985502306,5.549666666666667,-4.15426936619718,10.4521147301896,36.9827881728596,282600000.0
Marshall Islands,2020.0,4.0,0.0,mh,6.56696065533887,241800000.0,5661.96787336674,8.545666666666667,6.78233643895216,-2.77288732394366,37.3371142778297,287200000.0
Marshall Islands,2021.0,0.0,0.0,mh,2.3277281818569673,258900000.0,6258.61193705127,1.8933333333333333,5.77905201152358,1.22227252150293,29.4564732703934,283800000.0
Marshall Islands,2022.0,15540.0,17.0,mh,4.4386560510922335,253400000.0,6322.82855503156,4.816333333333334,-1.01768275096303,-1.11806797853311,-21.094817978852262,291100000.0
Marshall Islands,2023.0,594.0,0.0,mh,12.09458401004211,259300000.0,6678.34239060448,10.382666666666667,6.51974948608529,-3.93487109905021,-8.067993974795943,309800000.0
Marshall Islands,2024.0,159.0,0.0,mh,2.554233037969812,16608801798.988466,1849.279733011051,11.998666666666665,1.9752454489124902,2.5462766841269335,-16.028488031906782,16769267129.542799
Marshall Islands,2025.0,0.0,0.0,mh,2.554233037969812,16608801798.988466,1849.279733011051,11.998666666666665,1.9752454489124902,2.5462766841269335,-16.028488031906782,16769267129.542799
Mauritania,2017.0,0.0,0.0,mr,2.25427651934813,6800135898.28827,1615.00401327323,10.336,1.58393834945385,6.27054566937677,-10.4262723627796,6703487753.41138
Mauritania,2018.0,0.0,0.0,mr,3.06735996058356,7473550557.07378,1722.93528854073,10.407,4.55445732510799,4.77217365692621,-13.0177274187857,7435080653.07267
Mauritania,2019.0,0.0,0.0,mr,2.30009262117937,7894764885.82312,1767.072710621,10.416,5.32804482625433,3.14100489306969,-10.5273103616245,7798537820.05985
Mauritania,2020.0,14191.0,340.0,mr,2.3856948845632,8260752385.23089,1795.76459566714,11.054,6.4408732898183,-0.360657384151068,-6.97484998771505,8155048186.47861
Mauritania,2021.0,26963.0,523.0,mr,3.56516484650185,9222536364.01272,1947.78918383313,11.144,7.46487321650835,0.742715395138262,-8.75965093399859,9076362254.14883
Mauritania,2022.0,22275.0,134.0,mr,9.52526628622843,9557966698.25369,1960.35240077424,10.531,-0.61236174643426,6.79600510182286,-14.8995650002897,9500605780.42507
Mauritania,2023.0,358.0,0.0,mr,4.95305034506872,10651709411.4594,2120.82320358953,10.446,3.37147741701096,6.50718719858594,-9.07371592526961,10660320959.1791
Mauritania,2024.0,93.0,0.0,mr,2.554233037969812,16608801798.988466,1849.279733011051,10.373,1.9752454489124902,2.5462766841269335,-16.028488031906782,16769267129.542799
Mauritania,2025.0,11.0,0.0,mr,2.554233037969812,16608801798.988466,1849.279733011051,11.998666666666665,1.9752454489124902,2.5462766841269335,-16.028488031906782,16769267129.542799
Mauritius,2017.0,0.0,0.0,mu,3.66699702675908,13713506130.6081,10841.6847754844,6.752,1.63650567594517,3.93798380632353,-4.46441191248389,14051920385.6177
Mauritius,2018.0,0.0,0.0,mu,3.21605383144587,14735695930.9727,11643.4605962124,6.426,1.67538916911592,4.00674057198549,-3.76903120298371,15450103729.5488
Mauritius,2019.0,0.0,0.0,mu,0.405655190309553,14436346979.6355,11403.2527870674,6.331,-0.46584287384826,2.89128499346516,-4.97698958833493,15153839975.8896
Mauritius,2020.0,527.0,10.0,mu,2.58080077182822,11408106446.3144,9011.04288445023,8.626,2.57304044505899,-14.5465381490166,-8.78947144116732,11947741898.9683
Mauritius,2021.0,90567.0,776.0,mu,4.02852888157383,11484348857.8529,9068.97300226707,7.719,3.15720035090573,3.40379866177662,-13.0319974912817,12106744454.6433
Mauritius,2022.0,201095.0,254.0,mu,10.7737512242899,12927979286.0453,10239.7970461095,6.322,9.56592044781137,8.87988519700977,-11.1140662620035,13475522983.7872
Mauritius,2023.0,31531.0,20.0,mu,7.05298238454735,14644524819.0054,11613.0441587588,5.571,8.507830178109,6.95828740328457,-4.42310477684678,15000124262.0903
Mauritius,2024.0,6994.0,14.0,mu,4.10263226568006,1132340030819.1145,41876.879182814766,5.476,10.50952616301233,2.658854830213813,-3.46757714476457,1099725053459.0312
Mauritius,2025.0,1372.0,0.0,mu,9.519130481890453,174110570800.40396,4075.6184190394433,12.746,7.804128684910034,2.2004297867610165,-1.3733326771250036,169493857562.1804
Mexico,2017.0,0.0,0.0,mx,6.04145724018986,1190721475906.0,9649.27816772402,3.419,6.56759492961866,1.87172853327193,-1.79746290774801,1160558920059.09
Mexico,2018.0,0.0,0.0,mx,4.89935015356551,1256300182879.73,10084.7937562021,3.275,5.20449997011548,1.97208210249194,-2.06414074457574,1223821716221.84
Mexico,2019.0,0.0,0.0,mx,3.63596142127046,1304106203694.81,10369.5553568761,3.477,4.31901022867262,-0.392690521579212,-0.296844402091808,1267424146058.02
Mexico,2020.0,1496067.0,147623.0,mx,3.39683415570006,1121064767261.88,8841.27075003163,4.44,4.61979011759097,-8.3540345574586,2.39997618948584,1085047504590.05
Mexico,2021.0,2538755.0,156199.0,mx,5.68920847683753,1316569466932.59,10314.0506741437,4.019,4.48797277024499,6.04848344290505,-0.341323111758756,1282549137527.22
Mexico,2022.0,3236805.0,27677.0,mx,7.8962761916855,1464312692331.58,11385.4070757929,3.256,6.49719200406193,3.68911109348025,-1.20188858644509,1430370469535.23
Mexico,2023.0,336789.0,2627.0,mx,5.52796087314389,1789114434843.46,13790.0243428344,2.765,4.45991367594138,3.19998116598492,-0.306117545828148,1744482317669.68
Mexico,2024.0,14128.0,693.0,mx,4.72225588452932,1360601919184.7866,54296.55893252574,2.711,2.4692334657451904,1.679490259017429,-1.22947824443343,1323447842031.2634
Mexico,2025.0,6466.0,222.0,mx,1.5689846304538282,1132340030819.1145,41876.879182814766,6.413,10.50952616301233,2.658854830213813,-3.46757714476457,1099725053459.0312
Monaco,2017.0,0.0,0.0,mc,3.33150480787511,6430254652.58934,170663.375247872,3.821,0.587452398663714,-3.20618323813213,-1.6296059817875632,6498020338.76371
Monaco,2018.0,0.0,0.0,mc,3.33150480787511,7184333936.01355,188298.315668437,3.821,1.1147767446366,5.69790121192926,-1.6296059817875632,7330268038.032907
Monaco,2019.0,0.0,0.0,mc,3.33150480787511,7383496254.23721,193746.785647412,3.821,1.20921163106718,7.12088951975396,-1.6296059817875632,7309567600.55676
Monaco,2020.0,726.0,3.0,mc,2.4719326222444993,6730736282.78961,176891.886538492,5.9173333333333344,2.97930407095748,-13.2391048292108,-8.067993974795943,6677761030.537506
Monaco,2021.0,4320.0,35.0,mc,9.307933859750467,8623242743.29564,223823.363960226,12.005,1.22173013647281,22.2322155851208,-17.565051545445744,8523527186.258437
Monaco,2022.0,11428.0,27.0,mc,5.2559148964310936,8800430486.17137,226052.001905201,7.745333333333334,3.22095286767355,11.0469394271752,-21.094817978852262,9371213888.166504
Monaco,2023.0,707.0,2.0,mc,3.3360080267591865,9995350547.12166,256580.515122745,8.591,5.30290144286643,5.04338259195359,-8.067993974795943,10197745724.123451
Monaco,2024.0,0.0,0.0,mc,2.554233037969812,16608801798.988466,1849.279733011051,11.998666666666665,1.9752454489124902,2.5462766841269335,-16.028488031906782,16769267129.542799
Monaco,2025.0,0.0,0.0,mc,2.554233037969812,16608801798.988466,1849.279733011051,11.998666666666665,1.9752454489124902,2.5462766841269335,-16.028488031906782,16769267129.542799
Mongolia,2017.0,0.0,0.0,mn,4.30143105302342,11480847740.736,3645.96708669551,6.359,10.8004464117482,5.63687638694772,-10.0640976839599,9872124813.33454
Mongolia,2018.0,0.0,0.0,mn,6.82424790145522,13178094720.4986,4107.64288528468,5.377,7.96061586470999,7.74488062024881,-14.4368935873352,11943636998.2069
Mongolia,2019.0,0.0,0.0,mn,7.30106953550723,14206359017.5143,4347.54610314873,9.269,9.97221325666415,5.60224422064255,-15.2163324376399,12634360587.8507
Mongolia,2020.0,1215.0,1.0,mn,3.79604026111247,13312981429.0891,4001.25193077703,6.594,3.70672176955705,-4.55775197583431,-5.06732429872457,12053017479.445
Mongolia,2021.0,691904.0,1985.0,mn,7.35281243380219,15286441737.6686,4517.61578018785,7.747,14.4200654807454,1.63676957736662,-13.7928750935516,13054692170.9439
Mongolia,2022.0,314303.0,150.0,mn,15.1479560897226,17146471713.748,4993.51487463495,6.211,17.7147124177501,5.0327096366527,-13.4342448059604,15067905989.6867
Mongolia,2023.0,3912.0,0.0,mn,10.3475831314339,20325121393.9074,5838.63108083902,5.503,21.7690280161027,7.4221127615025,0.596631968292984,18096012116.6868
Mongolia,2024.0,155.0,0.0,mn,6.80284899332961,16608801798.988466,1849.279733011051,5.424,1.9752454489124902,2.5462766841269335,-16.028488031906782,16769267129.542799
Mongolia,2025.0,0.0,0.0,mn,2.554233037969812,16608801798.988466,1849.279733011051,11.998666666666665,1.9752454489124902,2.5462766841269335,-16.028488031906782,16769267129.542799
Montenegro,2017.0,0.0,0.0,me,2.3802359905313,4856599480.79882,7803.35824465203,16.082,3.82497232809919,4.71646527572034,-15.6778556675142,4956345528.61142
Montenegro,2018.0,0.0,0.0,me,2.611223782638,5506942238.35668,8850.3749248372,15.19,3.22610640466073,5.0778888113381,-17.124414916804,5571825861.24026
Montenegro,2019.0,0.0,0.0,me,0.361563704540767,5542054181.12616,8909.6538759126,15.128,2.02214868727721,4.06294499167197,-14.3566693575483,5604334042.31501
Montenegro,2020.0,35210.0,543.0,me,-0.255655699848551,4769996866.00758,7677.37132106817,17.878,-0.175605916816622,-15.3068937570407,-25.9335027097551,4845904669.64871
Montenegro,2021.0,122800.0,1733.0,me,2.41080198403165,5861427505.12493,9465.96153027794,16.543,4.72624261012977,13.0434642521552,-9.2332691434238,5982455401.55457
Montenegro,2022.0,85963.0,340.0,me,13.0403036347004,6229801580.79157,10093.4387007266,14.851,12.3553221508805,6.40668032879275,-13.1281582011878,6353915382.64158
Montenegro,2023.0,7307.0,38.0,me,8.58476910455403,7530593375.22034,12221.4775546967,14.621,10.5429703323513,6.33769754243548,-11.307542480472,7604564025.47826
Montenegro,2024.0,0.0,0.0,me,3.33675009282281,16608801798.988466,1849.279733011051,14.1,1.9752454489124902,2.5462766841269335,-16.028488031906782,16769267129.542799
Montenegro,2025.0,0.0,0.0,me,2.554233037969812,16608801798.988466,1849.279733011051,11.998666666666665,1.9752454489124902,2.5462766841269335,-16.028488031906782,16769267129.542799
Morocco,2017.0,0.0,0.0,ma,0.754663249323619,118540573367.844,3296.52661132813,9.223,-0.0608910142931904,5.05789816173446,-3.10210665362038,116714427716.555
Morocco,2018.0,0.0,0.0,ma,1.80391671141896,127341147581.818,3501.69799804688,9.271,0.939181637531973,3.06564133025955,-4.87290163435469,125425336311.069
Morocco,2019.0,0.0,0.0,ma,0.303386036590383,128920266409.458,3508.09765625,9.194,0.816805456485284,2.89097476137077,-3.4182057355437,126978615953.539
Morocco,2020.0,437332.0,7355.0,ma,0.705968661338261,121353645057.144,3268.0302734375,11.223,0.142417962079094,-7.17820744246774,-1.1275993199651,120193575825.745
Morocco,2021.0,523726.0,7489.0,ma,1.40195883962006,142022058447.231,3785.93627929688,10.576,2.41520355664963,8.15473889823681,-2.35786783699057,140063329923.044
Morocco,2022.0,310490.0,1450.0,ma,6.65704202759067,130951926351.241,3455.39624023438,9.494,2.66186120617975,1.52720357976111,-3.66568548335361,129037582204.306
Morocco,2023.0,6721.0,6.0,ma,6.09114152504141,144417103249.646,3771.4462890625,9.044,6.36094888191869,3.40334130078834,-0.617116657998831,142354111742.215
Morocco,2024.0,846.0,5.0,ma,0.985256592004507,170399070970.07272,4118.6517339046,8.943,9.469120786382435,1.8175956863047718,-3.3041732200028537,166961510329.8563
Morocco,2025.0,0.0,0.0,ma,2.554233037969812,16608801798.988466,1849.279733011051,11.998666666666665,1.9752454489124902,2.5462766841269335,-16.028488031906782,16769267129.542799
Mozambique,2017.0,0.0,0.0,mz,15.1132073899384,13264640645.7768,470.93856305196,3.539,7.97801240165271,2.63820737310658,-17.9387522356553,12884983781.3009
Mozambique,2018.0,0.0,0.0,mz,3.91133439990729,15017358952.8452,517.507260258101,3.604,3.7951186149991,3.48493202422782,-29.4674796418232,14730512197.9489
Mozambique,2019.0,0.0,0.0,mz,2.80270307928111,15512759046.672,519.09255091362,3.646,4.67764534705535,2.31781394821475,-16.0764477598265,15236312737.5433
Mozambique,2020.0,18485.0,165.0,mz,3.48393567493204,14235420174.1884,462.433876479921,3.921,3.17166106815796,-1.21952250011192,-24.9913481328696,13948700692.435
Mozambique,2021.0,165734.0,1831.0,mz,6.40847652975692,16168055475.4449,509.907829475551,4.053,4.5505652081862,2.37743572761507,-21.1927915856731,15828197520.8126
Mozambique,2022.0,46820.0,236.0,mz,10.2794018093421,18883528581.3734,578.251663751351,3.596,9.15161419934587,4.36445074535436,-33.7160091783462,17461632220.2092
Mozambique,2023.0,2692.0,18.0,mz,7.12697482131851,20954220983.5473,622.985619320596,3.519,5.30134150828523,5.43685912188634,-10.5335560237746,19117015861.5895
Mozambique,2024.0,159.0,2.0,mz,2.554233037969812,16608801798.988466,1849.279733011051,3.527,1.9752454489124902,2.5462766841269335,-16.028488031906782,16769267129.542799
Mozambique,2025.0,19.0,0.0,mz,2.554233037969812,16608801798.988466,1849.279733011051,11.998666666666665,1.9752454489124902,2.5462766841269335,-16.028488031906782,16769267129.542799
Myanmar,2017.0,0.0,0.0,mm,4.5725365531752,66053040483.0016,1272.82241830603,1.356,5.8734089465466,6.13610824360305,-7.44369978642156,63958040482.7508
Myanmar,2018.0,0.0,0.0,mm,6.87232865662935,67860515989.517,1298.21310320785,0.767,5.34109463991011,6.26886221471075,-3.77415133315681,65984255989.6395
Myanmar,2019.0,0.0,0.0,mm,8.82506696804558,75065106227.6892,1425.98954211903,0.407,5.42293300468495,6.57911006765414,0.0902156578672671,72641276228.2097
Myanmar,2020.0,124630.0,2682.0,mm,2.926658187561733,79006113643.1906,1490.21683548367,1.476,5.34411000806585,-9.04834717984643,-21.094817978852262,77509313176.5807
Myanmar,2021.0,406204.0,16586.0,mm,2.215553767989016,66345291160.1683,1242.72134419599,4.34,19.5172093720929,-12.0163724829117,-21.094817978852262,65297947226.451
Myanmar,2022.0,102849.0,222.0,mm,2.21195689960636,62253049891.6449,1158.05005034332,3.057,6.1637164891327,4.03749343593624,-21.094817978852262,61143674717.8036
Myanmar,2023.0,7765.0,4.0,mm,2.12448504994434,66757619000.0,1233.19666209269,3.032,10.7876664462616,0.958446625192025,-15.637565605385428,65509819000.0
Myanmar,2024.0,1793.0,0.0,mm,6.557684629400306,153684745916.64276,6164.62220808924,3.032,3.9529659357149174,3.1788750858072468,-3.4166731879627767,151656595055.31836
Myanmar,2025.0,160.0,0.0,mm,2.554233037969812,16608801798.988466,1849.279733011051,11.998666666666665,1.9752454489124902,2.5462766841269335,-16.028488031906782,16769267129.542799
Namibia,2017.0,0.0,0.0,na,6.14579981111164,12895153370.9132,5143.96072323076,21.733,9.91903698902131,-1.02724808856709,-4.42059051747783,12661495881.2477
Namibia,2018.0,0.0,0.0,na,4.29159105337875,13682019076.4022,5308.60813408705,19.877,4.42848894081101,1.05993949860752,-3.55152146428618,13176748522.8513
Namibia,2019.0,0.0,0.0,na,3.72239414422695,12541928303.48,4731.9210318831,19.921,0.926315844160413,-0.839152163419357,-1.76497330612085,12234173555.5494
Namibia,2020.0,23932.0,208.0,na,2.20938236933469,10583748541.5258,3878.58982993966,21.004,4.63153061468802,-8.10140201443319,2.98724582177764,10539865094.8199
Namibia,2021.0,124907.0,3437.0,na,3.61690530108814,12402486183.6396,4412.8355693052,20.922,1.5343303300027,3.60382919248703,-11.230237845488,11934183889.9631
Namibia,2022.0,21513.0,437.0,na,6.08128114112413,12567271004.6761,4349.04532248966,19.695,6.44785295155228,5.34966408559102,-12.8152208955281,12080731344.0848
Namibia,2023.0,1897.0,21.0,na,5.87993463284275,12351025066.9131,4168.28521087347,19.365,6.41362439275798,4.159985754998,-14.6468621115493,11781635235.6255
Namibia,2024.0,307.0,7.0,na,4.23903922877036,152086838139.10095,3481.388420232403,19.148,2.732168173231121,2.749001067581723,-9.336553014427066,150228357435.71027
Namibia,2025.0,1.0,0.0,na,2.554233037969812,16608801798.988466,1849.279733011051,11.998666666666665,1.9752454489124902,2.5462766841269335,-16.028488031906782,16769267129.542799
Nauru,2017.0,0.0,0.0,nr,64.15190782506285,108862278.516511,9613.41209082575,5.546666666666667,14.9235600448444,-6.01122998653516,12.961263318691,152302863.335384
Nauru,2018.0,0.0,0.0,nr,64.91918638139218,130937589.753517,11408.6947593898,8.058,18.4724386773845,-1.21912201456978,7.32942552169986,175662111.503431
Nauru,2019.0,0.0,0.0,nr,64.91918638139218,124871111.377973,10776.8284610316,5.546666666666667,-4.72850619813472,8.48673659193109,4.47675032899806,176651639.181756
Nauru,2020.0,0.0,0.0,nr,4.7041818121408365,124530027.301054,10695.6993301601,5.549666666666667,4.33105392665381,1.98181949377276,2.59589265142634,187208047.962679
Nauru,2021.0,0.0,0.0,nr,12.056604009923129,175513984.500084,14989.6647450751,2.792,18.0815764631453,7.20659466591439,3.75845295029461,263806198.141865
Nauru,2022.0,4621.0,1.0,nr,0.5895061861200536,156803087.302496,13287.2711890938,9.841333333333333,-10.8014231608239,3.02263627499464,1.8912535139693,254436437.63877
Nauru,2023.0,772.0,0.0,nr,3.7381491563059797,154170289.321861,12982.7612060515,5.731333333333333,5.37381833304376,0.590699675931191,1.24703031565373,262445000.248109
Nauru,2024.0,0.0,0.0,nr,2.554233037969812,16608801798.988466,1849.279733011051,11.998666666666665,1.9752454489124902,2.5462766841269335,-16.028488031906782,16769267129.542799
Nauru,2025.0,0.0,0.0,nr,2.554233037969812,16608801798.988466,1849.279733011051,11.998666666666665,1.9752454489124902,2.5462766841269335,-16.028488031906782,16769267129.542799
Nepal,2017.0,0.0,0.0,np,3.62709610696607,28971588940.364,1034.28374906846,10.66,8.26141254915089,8.97727935643466,-3.56432924017779,29263410261.8486
Nepal,2018.0,0.0,0.0,np,4.0611633875107,33111525237.149,1179.19843190389,10.559,4.3558584680418,7.62237610397935,-8.30080510271616,33328197894.5092
Nepal,2019.0,0.0,0.0,np,5.56868547784929,34186180699.0255,1203.14294706401,10.389,4.69115593292496,6.65705543110467,-5.12963069016168,34539791626.5539
Nepal,2020.0,260593.0,2758.0,np,5.05236655289212,33433659301.2466,1154.21517578318,12.975,3.21740233241114,-2.3696206292072,-0.251653542060189,33828751647.5543
Nepal,2021.0,567838.0,8836.0,np,4.14968003360264,36924841394.2605,1252.75076731986,12.186,6.76271216331268,4.838149614115,-14.5240163530398,37122384063.19
Nepal,2022.0,172569.0,425.0,np,7.6507917679853,41182939600.67,1385.91066275016,10.844,8.24119195323605,5.63131455871746,-7.49867255763833,41421597989.0937
Nepal,2023.0,2450.0,12.0,np,7.11475951738199,40908073366.8455,1377.62603571292,10.628,5.41614518486134,1.95254463264347,0.358510890863517,41385089422.5577
Nepal,2024.0,0.0,0.0,np,2.554233037969812,16608801798.988466,1849.279733011051,10.706,1.9752454489124902,2.5462766841269335,-16.028488031906782,16769267129.542799
Nepal,2025.0,493.0,3.0,np,14.919256523489253,170399070970.07272,4118.6517339046,13.437,9.469120786382435,1.8175956863047718,-3.3041732200028537,166961510329.8563
New Caledonia,2017.0,0.0,0.0,nc,119.53150797388173,9174048681.98577,32354.7102832901,11.676,138.72557273544902,0.3665184358993933,-1.6296059817875637,9718047504.02142
New Caledonia,2018.0,0.0,0.0,nc,3.33150480787511,9896402283.68587,34902.8968780031,11.702,-0.77442780779991,3.99570728203879,-1.6296059817875632,10273712517.1537
New Caledonia,2019.0,0.0,0.0,nc,3.33150480787511,9475655324.59495,33411.3358835672,10.88,2.43407708116916,-1.40000000198451,-1.6296059817875632,9835664554.07088
New Caledonia,2020.0,38.0,0.0,nc,3.5836897057439976,9454629467.91408,33270.330597637,13.558,0.430124980373847,-2.40000000064407,-10.877131741185003,9840168247.32791
New Caledonia,2021.0,12890.0,281.0,nc,5.537057403884799,10071349663.8484,35311.5543551452,11.54,4.82764312949604,-2.09999999762849,-21.094817978852262,10450016550.8159
New Caledonia,2022.0,66649.0,33.0,nc,-0.001114096048994521,9623318718.31459,33516.363085906,10.71,3.84571494150525,3.49999999631376,-21.094817978852262,9410922282.583143
New Caledonia,2023.0,487.0,0.0,nc,14.919256523489253,170399070970.07272,4118.6517339046,10.939,9.469120786382435,1.8175956863047718,-3.3041732200028537,166961510329.8563
New Caledonia,2024.0,139.0,0.0,nc,2.554233037969812,16608801798.988466,1849.279733011051,11.15,1.9752454489124902,2.5462766841269335,-16.028488031906782,16769267129.542799
New Caledonia,2025.0,0.0,0.0,nc,2.554233037969812,16608801798.988466,1849.279733011051,11.998666666666665,1.9752454489124902,2.5462766841269335,-16.028488031906782,16769267129.542799
New Zealand,2017.0,0.0,0.0,nz,1.85078767452536,206566916732.292,42913.186956185,4.736,3.61693254394582,3.39728250444887,-2.80906760923629,198736921883.604
New Zealand,2018.0,0.0,0.0,nz,1.59829703801696,211846555690.736,43228.6976473771,4.335,1.7531271050093,3.49949703045593,-4.04821394261566,204160040592.513
New Zealand,2019.0,0.0,0.0,nz,1.61963190184048,212846907683.439,42747.2099299966,4.109,3.08556630950096,2.36196217785604,-2.79306502128914,207518405665.816
New Zealand,2020.0,1807.0,25.0,nz,1.71456170007245,212697530897.56,41785.6922905898,4.595,1.95515165378657,-0.424906457573115,-1.12865212882116,208606894464.654
New Zealand,2021.0,11939.0,26.0,nz,3.94112060778728,253644079784.977,49624.1816729553,3.776,4.57816245517681,4.54624763852878,-5.83652013150899,246933088131.277
New Zealand,2022.0,2043704.0,2280.0,nz,7.17222476016441,246733522841.353,48216.5095836302,3.297,5.58708755877011,2.7748426484212,-8.76545636261221,239404000803.12
New Zealand,2023.0,382925.0,1292.0,nz,5.73316283034957,252175506110.168,48280.8114166238,3.729,4.75854916721366,0.733302171674978,-6.76716667289858,244146718394.277
New Zealand,2024.0,224052.0,888.0,nz,2.92279782301957,12521263588384.93,21022.330054605965,4.869,1.9954233992758128,2.1799962912474133,2.2139955773828635,12502485675648.36
New Zealand,2025.0,3809.0,27.0,nz,4.394074037728466,472024815552.65137,10549.776257792104,9.756,22.964963092261097,1.4337021716462797,-2.4774804106536834,459111882432.81836
Nicaragua,2017.0,0.0,0.0,ni,3.85067166284727,13785924216.2724,2182.61875100395,3.3,4.12270412733761,4.63253398090997,-7.16020184439183,13074230327.7193
Nicaragua,2018.0,0.0,0.0,ni,4.94723728039886,13025234820.8225,2035.16750115975,5.2,2.65847892308047,-3.36368764606334,-1.79728045766792,12373034902.7208
Nicaragua,2019.0,0.0,0.0,ni,5.37628990844126,12699028889.666,1958.62132892996,5.472,5.3954978400473,-2.89702791954369,5.93824934608707,12232628822.9947
Nicaragua,2020.0,4829.0,165.0,ni,3.68181341625572,12681569254.2815,1931.61515811642,6.201,5.39260941499944,-1.75595289214087,3.70695448310772,11871469383.2535
Nicaragua,2021.0,8734.0,52.0,ni,4.92841396948968,14144060853.1362,2128.60980633198,6.118,3.54283387393042,10.3160912841791,-3.82407049684088,13248461277.5386
Nicaragua,2022.0,1802.0,28.0,ni,10.4674244465991,15649897116.8965,2325.16737851871,4.961,8.77765225788374,3.75228475736668,-2.47222072522306,14530697776.4776
Nicaragua,2023.0,750.0,0.0,ni,8.38765854872536,17829218219.3591,2612.87066241288,4.716,10.6686540407565,4.56922317096145,7.74683434240701,16935018482.1057
Nicaragua,2024.0,84.0,0.0,ni,4.62473841057141,16608801798.988466,1849.279733011051,4.574,1.9752454489124902,2.5462766841269335,-16.028488031906782,16769267129.542799
Nicaragua,2025.0,199.0,0.0,ni,2.5433867618061754,17395396358.9827,2127.4321130010644,11.561333333333332,2.48050947386391,2.6185256497153433,-15.716299827886287,17539118157.453766
Niger,2017.0,0.0,0.0,ne,2.79637318871284,11185104251.6943,521.804130023434,0.554,0.368276728970102,5.00536078615544,-11.3934461122487,11600276120.4447
Niger,2018.0,0.0,0.0,ne,2.96760366004456,12837307496.8821,578.568035680892,0.535,2.40368624331715,7.21141802762897,-12.6586015970767,13405990160.9815
Niger,2019.0,0.0,0.0,ne,-2.48979265070855,12889555561.2299,561.691304349698,0.531,-0.0243827627404585,5.93985257123522,-12.1993364507939,13479237677.1727
Niger,2020.0,3208.0,101.0,ne,2.8981937602627,13744653103.058,579.512495758236,0.594,1.16297974177712,3.55064109436891,-13.2104717583835,13156291934.1654
Niger,2021.0,4157.0,173.0,ne,3.8378680284051,14915002436.069,608.722439593808,0.78,3.11864597184903,1.38359636198477,-14.0736964853201,15188308377.3499
Niger,2022.0,2129.0,40.0,ne,4.22621791916392,15433852712.2963,609.745147574878,0.418,4.01899997944746,11.9000000000277,-16.1987356727326,14058647971.5528
Niger,2023.0,21.0,1.0,ne,3.70097316425834,16819170420.5653,642.937917863471,0.425,3.38791792310056,2.49999999999999,-13.8696165457749,16182366023.8817
Niger,2024.0,14.0,0.0,ne,9.07151997725013,16608801798.988466,1849.279733011051,0.355,1.9752454489124902,2.5462766841269335,-16.028488031906782,16769267129.542799
Niger,2025.0,44.0,0.0,ne,2.554233037969812,16608801798.988466,1849.279733011051,11.998666666666665,1.9752454489124902,2.5462766841269335,-16.028488031906782,16769267129.542799
Nigeria,2017.0,0.0,0.0,ng,16.5022662139641,375745731053.427,1876.34027111773,4.828,11.1189180817699,0.80588661910221,3.60982550121523,367400071058.266
Nigeria,2018.0,0.0,0.0,ng,12.0951065173432,421739251509.08,2057.87944554011,5.067,10.2284850865888,1.92275734200651,1.72693303668361,410486871490.792
Nigeria,2019.0,0.0,0.0,ng,11.3964223378115,474517490844.461,2265.15520863056,5.206,10.384779195217,2.20842927714881,-2.88402835896401,465356470849.403
Nigeria,2020.0,86576.0,1278.0,ng,13.2460234276597,432198898467.795,2019.65706326224,5.742,7.84914204720589,-1.79425308274458,-3.69874324007746,427431916390.616
Nigeria,2021.0,154937.0,1752.0,ng,16.9528457221608,440833635873.827,2017.27486481527,5.45,10.1310336867347,3.64718654072446,-0.738183955457954,432250677057.07
Nigeria,2022.0,24937.0,125.0,ng,18.8471877843274,477403400101.174,2139.37478476974,3.821,11.3113349413983,3.25168140827093,0.213362293998091,464530827755.53
Nigeria,2023.0,738.0,0.0,ng,24.6595502031139,363846332834.618,1596.63696129001,3.074,12.6218692275514,2.86021499108364,1.65528597155347,352906093813.226
Nigeria,2024.0,2.0,0.0,ng,2.554233037969812,16608801798.988466,1849.279733011051,2.989,1.9752454489124902,2.5462766841269335,-16.028488031906782,16769267129.542799
Nigeria,2025.0,37.0,0.0,ng,2.554233037969812,16608801798.988466,1849.279733011051,11.998666666666665,1.9752454489124902,2.5462766841269335,-16.028488031906782,16769267129.542799
North Macedonia,2017.0,0.0,0.0,mk,1.35161889677442,11307067069.6658,5955.2973863451,22.857,2.80702703539038,1.08177273813243,-0.586294696197347,10859414347.1733
North Macedonia,2018.0,0.0,0.0,mk,1.45831298507117,12683068114.2388,6713.98925398989,21.208,3.92615528936682,2.88059670964267,0.143273398779884,12150990659.4701
North Macedonia,2019.0,0.0,0.0,mk,0.766439573459716,12606338448.547,6718.85826635458,17.414,0.86816868476069,3.91041953840173,-2.98648910497823,12024667114.9758
North Macedonia,2020.0,81796.0,2896.0,mk,1.20007348888487,12361036913.8409,6659.59651070776,16.575,1.37428071825137,-4.68845000956652,-2.91596537662612,11892343875.3738
North Macedonia,2021.0,141513.0,5456.0,mk,3.23074912132919,14000283827.0154,7620.80296977508,15.801,4.28552531461972,4.51067949038222,-2.67744223538636,13385879515.7774
North Macedonia,2022.0,122279.0,1524.0,mk,14.2047173195833,13932436550.0883,7606.2375253797,14.476,8.87368732523663,2.75888415332967,-6.23699171036603,13334444854.3316
North Macedonia,2023.0,4728.0,89.0,mk,9.36187249769016,15763621848.115,8624.29360948531,13.174,7.76646685488322,2.07274977880975,0.358884359072908,14961106563.4281
North Macedonia,2024.0,1755.0,26.0,mk,3.48974086026947,153684745916.64276,6164.62220808924,13.417,3.9529659357149174,3.1788750858072468,-3.4166731879627767,151656595055.31836
North Macedonia,2025.0,22.0,0.0,mk,2.554233037969812,16608801798.988466,1849.279733011051,11.998666666666665,1.9752454489124902,2.5462766841269335,-16.028488031906782,16769267129.542799
Northern Mariana Islands,2017.0,0.0,0.0,mp,3.1554234201128772,1560000000.0,31225.6049960968,2.061666666666667,2.97029702970298,23.1707317073171,-1.6296059817875632,1771139278.6611166
Northern Mariana Islands,2018.0,0.0,0.0,mp,2.3277281818569673,1301000000.0,26509.3628379893,1.8933333333333333,3.59586881110062,-19.4973343488195,-1.6296059817875637,1255665329.7419133
Northern Mariana Islands,2019.0,0.0,0.0,mp,2.3277281818569673,1179000000.0,24496.6652122421,1.8933333333333333,2.33769881156505,-11.4474929044465,-1.6296059817875637,1132492496.5199232
Northern Mariana Islands,2020.0,122.0,2.0,mp,7.766000841523009,866000000.0,18220.8382427201,2.251,3.54088108157822,-29.0598290598291,-9.250187637167796,856686992.4378175
Northern Mariana Islands,2021.0,3133.0,11.0,mp,7.752678196663168,914000000.0,19455.50139424,13.397666666666666,0.545723837893178,4.96987951807229,-17.565051545445744,943847231.5309461
Northern Mariana Islands,2022.0,9981.0,28.0,mp,2.27223930739118,1096000000.0,23785.754590043,5.822333333333333,2.80318995750133,16.6427546628408,-15.637565605385428,1037186192.0284967
Northern Mariana Islands,2023.0,1105.0,0.0,mp,9.519130481890453,174110570800.40396,4075.6184190394433,12.746,7.804128684910034,2.2004297867610165,-1.3733326771250036,169493857562.1804
Northern Mariana Islands,2024.0,644.0,0.0,mp,14.919256523489253,170399070970.07272,4118.6517339046,13.437,9.469120786382435,1.8175956863047718,-3.3041732200028537,166961510329.8563
Northern Mariana Islands,2025.0,0.0,0.0,mp,2.554233037969812,16608801798.988466,1849.279733011051,11.998666666666665,1.9752454489124902,2.5462766841269335,-16.028488031906782,16769267129.542799
Norway,2017.0,0.0,0.0,no,1.87510059552554,401745275035.261,76131.8384032764,4.164,4.08094934122931,2.46374628510146,5.38896566318335,416379568809.188
Norway,2018.0,0.0,0.0,no,2.76483134528788,439788625883.8,82792.8427113304,3.801,6.74295724699287,0.828900664137592,7.94959431636822,457569996925.915
Norway,2019.0,0.0,0.0,no,2.16773003305402,408742840909.091,76430.5889473338,3.684,-0.548467415755809,1.12377787436797,2.91600859889184,421234090909.091
Norway,2020.0,49785.0,436.0,no,1.28658490708005,367633418886.627,68340.0181033702,4.424,-2.51726059053333,-1.2781717845226,1.14557292891118,382834834941.145
Norway,2021.0,345124.0,958.0,no,3.48388055266678,503367986030.268,93072.8925119571,4.359,20.2134754838135,3.90868677689417,14.8001387979332,502221885913.853
Norway,2022.0,1080762.0,3442.0,no,5.76412317852272,593726965415.619,108798.451165901,3.231,28.1618243830717,3.00563516076298,28.7529564185732,596856513825.084
Norway,2023.0,28258.0,896.0,no,5.51784987104659,485310823603.662,87925.0944188399,3.572,-10.6191584030873,0.479647246011822,17.3298808213308,507846254957.478
Norway,2024.0,28527.0,0.0,no,3.14530134431073,9177937750079.96,23504.664057106962,3.97,3.2059769336673436,4.525794629994259,1.193549912283165,9142202588523.14
Norway,2025.0,11295.0,0.0,no,1.5689846304538282,1360601919184.7866,54296.55893252574,5.782666666666667,2.4692334657451904,1.679490259017429,-1.22947824443343,1323447842031.2634
Oman,2017.0,0.0,0.0,om,1.58909413567799,80856697009.1027,17820.0661809335,2.522,7.29794329780007,0.304057565922449,-13.6143943671899,77933420026.0078
Oman,2018.0,0.0,0.0,om,0.889312370970404,91505851755.5267,19901.7615642016,1.8,11.7322946084517,1.28710391543288,-4.87333794620046,86577373211.9636
Oman,2019.0,0.0,0.0,om,0.490815362820671,88060858257.4772,19180.1864152801,2.04,-2.66623355343535,-1.12863801728058,-4.9181886997824,81936020806.2419
Oman,2020.0,128719.0,1497.0,om,-0.40640291946585,75909492847.8544,16784.8630630058,2.94,-10.7835605977296,-3.37972052697999,-16.5486765828436,70302210663.199
Oman,2021.0,176770.0,2986.0,om,1.68221185876085,87323797139.1417,19403.4600160211,1.9,12.1410502759484,2.5821749892893,-5.53764911438882,81295188556.567
Oman,2022.0,93819.0,145.0,om,2.5061425061425,111943823146.944,23665.6394740852,3.3,16.9897185502658,9.5771061309605,3.89667138645212,102620026007.802
Oman,2023.0,141.0,0.0,om,0.950782997762827,108810923276.983,21549.8368728192,3.176,-4.05592540343423,1.3104401130721,2.42405359925175,103593758127.438
Oman,2024.0,0.0,0.0,om,2.554233037969812,16608801798.988466,1849.279733011051,3.161,1.9752454489124902,2.5462766841269335,-16.028488031906782,16769267129.542799
Oman,2025.0,0.0,0.0,om,2.554233037969812,16608801798.988466,1849.279733011051,11.998666666666665,1.9752454489124902,2.5462766841269335,-16.028488031906782,16769267129.542799
Pakistan,2017.0,0.0,0.0,pk,4.08537368032608,339205534861.1,1519.23459514248,3.215,4.02974599325579,4.43262590683975,-4.76985760466006,334191536057.051
Pakistan,2018.0,0.0,0.0,pk,5.07805725868917,356128166704.921,1569.33814626355,4.083,3.84178663274797,6.15170261099519,-5.29556175645778,350691167594.255
Pakistan,2019.0,0.0,0.0,pk,10.5783618004555,320909472770.669,1390.41690981745,4.83,9.03633484170507,2.49763692943365,-2.66677325730292,315299473058.399
Pakistan,2020.0,477240.0,10047.0,pk,9.73999313898155,300425609817.981,1278.39735206896,6.127,9.9444982105729,-1.27408744338709,-0.216650637871501,294966609817.792
Pakistan,2021.0,817621.0,18874.0,pk,9.49621056124947,348516647445.148,1455.31922370186,6.338,10.2673420806694,6.51388575852702,-3.52439577565177,344116647445.148
Pakistan,2022.0,280790.0,1714.0,pk,19.8738599646655,374890295666.694,1538.3228133171,5.485,13.9370112392938,4.7781068690358,-3.25858181478804,369642295666.626
Pakistan,2023.0,4980.0,21.0,pk,30.7681280657005,337912301397.727,1365.27743222493,5.408,25.9997683355601,-0.0396925228069165,-0.244214768763813,332147301397.546
Pakistan,2024.0,0.0,0.0,pk,12.6325318530452,16608801798.988466,1849.279733011051,5.472,1.9752454489124902,2.5462766841269335,-16.028488031906782,16769267129.542799
Pakistan,2025.0,0.0,0.0,pk,2.554233037969812,16608801798.988466,1849.279733011051,11.998666666666665,1.9752454489124902,2.5462766841269335,-16.028488031906782,16769267129.542799
Palau,2017.0,0.0,0.0,pw,1.4179881966692,285600000.0,16034.1342914889,5.546666666666667,-1.03886801058309,-3.25999999999986,-23.4170168067227,279700000.0
Palau,2018.0,0.0,0.0,pw,2.10970464135017,288546281.25,16197.7254546986,6.172999999999999,0.920598423666746,0.110000000000014,-18.778963210083,281046281.25
Palau,2019.0,0.0,0.0,pw,0.26737967914444,281941562.5,15841.1935329812,3.17,-2.48399540230776,0.199999999999847,-29.7402054725436,279941562.5
Palau,2020.0,0.0,0.0,pw,0.218181818181833,258990843.75,14556.5896891862,5.549666666666667,-2.27744753063782,-5.99942585620028,-44.638643716531,264990843.75
Palau,2021.0,12.0,0.0,pw,2.6124818577648,235752906.25,13257.2066721026,3.5103333333333335,5.59286809408013,-13.7938879740177,-49.0933502542983,245452906.25
Palau,2022.0,5959.0,9.0,pw,12.3526638378124,255591062.5,14392.1990258461,6.785333333333333,9.86330040028969,-1.31844903330447,-52.9862033027857,258791062.5
Palau,2023.0,294.0,0.0,pw,12.8199748216534,281849062.5,15899.4224911152,14.185333333333334,8.24167046557693,1.87706979817723,-8.067993974795941,266049062.5
Palau,2024.0,107.0,1.0,pw,2.23172772921704,16608801798.988466,1849.279733011051,11.998666666666665,1.9752454489124902,2.5462766841269335,-16.028488031906782,16769267129.542799
Palau,2025.0,0.0,0.0,pw,2.554233037969812,16608801798.988466,1849.279733011051,11.998666666666665,1.9752454489124902,2.5462766841269335,-16.028488031906782,16769267129.542799
Panama,2017.0,0.0,0.0,pa,0.875585918759878,64327688800.0,15694.6297454295,5.338,1.7946937582834,5.7440594635578,-5.82244596474605,60514887600.0
Panama,2018.0,0.0,0.0,pa,0.761578359399944,67316471200.0,16151.3273478476,5.161,0.700536904723975,3.91819807389903,-7.884192985624,61995613500.0
Panama,2019.0,0.0,0.0,pa,-0.355083821021245,69778991200.0,16477.9066285687,6.256,0.538350741190015,3.10306788630359,-5.05023173163902,65459457700.0
Panama,2020.0,238279.0,3933.0,pa,-1.5502754080376,57059846500.0,13290.5608347594,14.663,-0.494685753745316,-17.8212299695008,0.675537934000576,55305091100.0
Panama,2021.0,252764.0,3492.0,pa,1.63070337301898,67396392500.0,15509.8069109784,10.177,1.41511725950885,16.4671249191559,-1.1555200892392,63404274400.0
Panama,2022.0,532735.0,1142.0,pa,2.85965128834711,76276116700.0,17332.4360742988,8.086,2.17180785976841,10.769665870619,-0.622928866140088,72807217200.0
Panama,2023.0,19049.0,87.0,pa,1.48641355277038,83318176900.0,18686.4050961265,6.544,1.70673831397947,7.39930155626219,-4.48721721694321,79285543400.0
Panama,2024.0,2239.0,110.0,pa,0.685197879812108,174110570800.40396,4075.6184190394433,6.518,7.804128684910034,2.2004297867610165,-1.3733326771250036,169493857562.1804
Panama,2025.0,392.0,35.0,pa,6.629747058146063,152086838139.10095,3481.388420232403,11.628333333333332,2.732168173231121,2.749001067581723,-9.336553014427066,150228357435.71027
Papua New Guinea,2017.0,0.0,0.0,pg,5.42204568023834,22742699138.356,2477.76530986323,2.569,7.69953503846061,3.53461081750459,15.9024612947226,21662807667.8112
Papua New Guinea,2018.0,0.0,0.0,pg,4.37448921453162,24109780708.0268,2566.36833735041,2.635,9.79760566069545,-0.279252284959952,13.6302697156748,22779684590.4295
Papua New Guinea,2019.0,0.0,0.0,pg,3.92867290939597,24750626040.5917,2575.77274251891,2.634,1.06226146394965,4.4805145710407,14.3799231035246,23013814348.1214
Papua New Guinea,2020.0,780.0,9.0,pg,4.87167398565555,23848447849.7467,2429.61134586681,2.883,1.63449664597253,-3.16743204087665,14.3372352654053,23104207317.1053
Papua New Guinea,2021.0,35410.0,581.0,pg,4.48359014042398,26109413522.3081,2607.57861884395,3.003,11.595270333527,-0.511353444150672,12.5772553471443,24519488109.9086
Papua New Guinea,2022.0,10524.0,79.0,pg,5.25323922215241,31647277767.3976,3101.71063200047,2.689,15.0288207468673,5.70758411822096,14.4322078264296,29784181761.0989
Papua New Guinea,2023.0,150.0,1.0,pg,2.29869991296791,30729242919.4411,2957.68262498549,2.661,-3.62211156973066,3.03570475499642,13.612170248963,28819335417.8677
Papua New Guinea,2024.0,0.0,0.0,pg,0.602403921107917,16608801798.988466,1849.279733011051,2.741,1.9752454489124902,2.5462766841269335,-16.028488031906782,16769267129.542799
Papua New Guinea,2025.0,0.0,0.0,pg,2.554233037969812,16608801798.988466,1849.279733011051,11.998666666666665,1.9752454489124902,2.5462766841269335,-16.028488031906782,16769267129.542799
Paraguay,2017.0,0.0,0.0,py,3.60247741348943,38997129473.5558,6152.26711537703,6.138,2.15920929174615,4.81007885554041,3.35657585005266,37645080815.2412
Paraguay,2018.0,0.0,0.0,py,3.97561015740694,40225448340.6322,6258.44991640954,6.217,1.96024819846549,3.20425034076639,-0.232847914321805,38831476238.1311
Paraguay,2019.0,0.0,0.0,py,2.75709727562775,37925338329.1494,5821.18199548637,6.595,3.06187945458328,-0.40185510068001,-0.577796386359664,36767424995.415
Paraguay,2020.0,106136.0,2220.0,py,1.76751592356698,35432178068.1814,5365.47220721191,7.548,2.20392146778615,-0.819785390971916,1.87300921514449,34220989522.023
Paraguay,2021.0,359965.0,14404.0,py,4.787983101236,39950899938.7482,5976.9317978996,7.311,8.44812602664209,4.01673731780312,-1.10846909700613,38564964617.2409
Paraguay,2022.0,259264.0,3064.0,py,9.76556667164402,41952910858.0846,6205.62595379319,6.755,8.05446050272607,0.176038366132886,-7.15542769879496,40588715171.0241
Paraguay,2023.0,10394.0,192.0,py,4.63202285403356,42956263543.9482,6276.35113919957,5.794,2.06875531020788,4.71412407945468,-0.566372055431578,41584973464.2718
Paraguay,2024.0,0.0,0.0,py,3.83540271728533,16608801798.988466,1849.279733011051,6.093,1.9752454489124902,2.5462766841269335,-16.028488031906782,16769267129.542799
Paraguay,2025.0,0.0,0.0,py,2.554233037969812,16608801798.988466,1849.279733011051,11.998666666666665,1.9752454489124902,2.5462766841269335,-16.028488031906782,16769267129.542799
Peru,2017.0,0.0,0.0,pe,2.99490045809443,211007984080.911,6736.16693725487,3.691,3.61565826105974,2.51883544233135,-0.857819433900692,201299928108.921
Peru,2018.0,0.0,0.0,pe,1.50915423024742,222597009739.235,6978.49121548627,3.492,2.27741531762133,3.969351341365,-1.17201548545427,211617892395.279
Peru,2019.0,0.0,0.0,pe,2.25212191358027,228346006003.648,7037.00803692604,3.379,1.87221626775495,2.24063176875049,-0.623492995809212,220088217727.993
Peru,2020.0,1010496.0,93066.0,pe,2.00241205759292,201409694755.934,6133.32552410183,7.179,3.71917119669504,-10.9333065010382,0.938341730002029,196052808902.926
Peru,2021.0,1276998.0,109518.0,pe,4.27166381536798,226354278280.885,6826.9720069846,5.097,10.0831018285055,13.3552295093079,-2.06502617018971,208856003550.009
Peru,2022.0,2166742.0,15594.0,pe,8.33370630096231,246488757636.211,7363.27206939639,3.85,4.76646193670118,2.72550021563363,-3.9528164279387,229767512928.334
Peru,2023.0,50984.0,2338.0,pe,6.45561348369586,267603248655.253,7906.58502858,4.899,6.56634363134418,-0.55018230632048,0.829344941528944,253422835356.13
Peru,2024.0,24652.0,485.0,pe,2.00770739412712,9177937750079.96,23504.664057106962,4.828,3.2059769336673436,4.525794629994259,1.193549912283165,9142202588523.14
Peru,2025.0,2852.0,59.0,pe,9.519130481890453,174110570800.40396,4075.6184190394433,12.746,7.804128684910034,2.2004297867610165,-1.3733326771250036,169493857562.1804
Philippines,2017.0,0.0,0.0,ph,2.85318772590947,328480736798.792,3038.12124955619,2.552,2.32025994680146,6.93098832521765,-0.652387929430577,364718697508.835
Philippines,2018.0,0.0,0.0,ph,5.30934661627707,346841896583.515,3168.51036606257,2.338,3.74065383086987,6.34148557098946,-2.55939306315271,383816939950.168
Philippines,2019.0,0.0,0.0,ph,2.39206534422404,376823402244.928,3400.78949772302,2.237,0.697076301045342,6.11852566118505,-0.808557862517338,414552288030.862
Philippines,2020.0,472523.0,9230.0,ph,2.3931623931624,361751145451.597,3227.57910235199,2.522,1.6504901854719,-9.5182947406494,3.20065009232564,389165789740.532
Philippines,2021.0,2371346.0,42274.0,ph,3.92718022100332,394087359848.11,3484.38593882819,3.398,2.2824784602486,5.71473313426225,-1.50797765976295,408104073652.169
Philippines,2022.0,1218790.0,13893.0,ph,5.82115811213955,404353369604.631,3548.06930572116,2.598,5.48864820202009,7.58098212785563,-4.51605763317135,428113122133.855
Philippines,2023.0,69541.0,1398.0,ph,5.97802515541409,437146372729.942,3804.8725797521,2.222,4.59648506190769,5.54585117087767,-2.83353281449545,485154567168.652
Philippines,2024.0,8183.0,69.0,ph,3.21260487006347,1132340030819.1145,41876.879182814766,2.153,10.50952616301233,2.658854830213813,-3.46757714476457,1099725053459.0312
Philippines,2025.0,0.0,0.0,ph,2.554233037969812,16608801798.988466,1849.279733011051,11.998666666666665,1.9752454489124902,2.5462766841269335,-16.028488031906782,16769267129.542799
Poland,2017.0,0.0,0.0,pl,2.0759355367385,528356676667.211,13913.3402919927,4.867,1.77020284945432,5.15245773325907,-1.18631982461877,505864085381.071
Poland,2018.0,0.0,0.0,pl,1.81295156542679,594616687350.017,15658.2120316794,3.835,1.22699825174134,6.2458584723942,-1.96597240687912,569457737081.91
Poland,2019.0,0.0,0.0,pl,2.227478809383,602683770144.88,15874.5220531254,3.267,3.02644690867653,4.58045817256199,-0.272945793712772,577797688425.851
Poland,2020.0,1297400.0,28642.0,pl,3.37446972618589,605914237903.742,15987.5753654045,3.155,4.23859434856777,-2.03556882399977,2.39835922164097,583489675593.182
Poland,2021.0,2811801.0,68416.0,pl,5.05502704719272,689170230665.35,18635.5104895754,3.268,5.34023602800748,6.92718266052501,-1.30156521580162,658886045351.756
Poland,2022.0,2259187.0,21475.0,pl,14.4294507575758,695607470875.276,18891.2121169279,2.811,10.689577427514,5.25545697386036,-2.27455866454271,668250895914.937
Poland,2023.0,263677.0,1705.0,pl,11.5289127961105,809200697797.088,22056.6661704127,2.743,9.54718862520608,0.138832754787188,1.79621693846398,778230830221.408
Poland,2024.0,137628.0,738.0,pl,3.7842600751287,14287540175651.1,10152.662052589758,2.472,1.7596473204638965,4.9796376475054736,0.8628327447755243,14214658742208.734
Poland,2025.0,34635.0,5.0,pl,1.5049439792764752,9177937750079.96,23504.664057106962,5.078666666666667,3.2059769336673436,4.525794629994259,1.193549912283165,9142202588523.14
Portugal,2017.0,0.0,0.0,pt,1.36861411643472,220862990767.229,21442.3842768879,8.869,1.53220021015437,3.31472078233416,1.56389644169824,216161830459.115
Portugal,2018.0,0.0,0.0,pt,0.993715683468326,242092894542.888,23541.1401075289,6.994,1.8523724616237,2.94628241620853,0.7276825303456,236395409034.201
Portugal,2019.0,0.0,0.0,pt,0.338178410046034,240115970063.019,23343.3628970034,6.464,1.83436786237921,2.74568471619554,0.765771121812592,233752871351.921
Portugal,2020.0,377474.0,6695.0,pt,-0.0124383299575305,229618773422.577,22299.4044062173,6.801,2.10314342298463,-8.20463206255478,-0.629832722737585,225467491361.699
Portugal,2021.0,905174.0,12193.0,pt,1.26565719069044,256055879091.139,24711.4510062111,6.577,2.01977632737365,5.55875752305435,-0.672210743652409,252978982539.953
Portugal,2022.0,4267920.0,6885.0,pt,7.83269124233323,256898675068.927,24620.519556875,6.011,5.32749894377305,6.98584193827881,-2.08477768135412,251691706536.851
Portugal,2023.0,88960.0,2157.0,pt,4.31128191898672,289114289663.542,27331.2094945255,6.509,6.90236590321598,2.52628110806764,0.561731143094815,281752856063.905
Portugal,2024.0,31189.0,1154.0,pt,2.41613187791884,9177937750079.96,23504.664057106962,6.384,3.2059769336673436,4.525794629994259,1.193549912283165,9142202588523.14
Portugal,2025.0,869.0,440.0,pt,9.519130481890453,174110570800.40396,4075.6184190394433,12.746,7.804128684910034,2.2004297867610165,-1.3733326771250036,169493857562.1804
Puerto Rico,2017.0,0.0,0.0,pr,11.74150839583512,103445500000.0,31108.7527508912,10.8,2.09140216242223,-2.88521838398481,-10.877131741185003,69049500000.0
Puerto Rico,2018.0,0.0,0.0,pr,11.74150839583512,100958100000.0,31615.0667918433,9.2,2.04611568543814,-4.36142703162535,-10.877131741185003,67601100000.0
Puerto Rico,2019.0,0.0,0.0,pr,11.74150839583512,105126400000.0,32916.866800639,8.3,2.41285225696176,1.67546379498209,-10.877131741185003,70765100000.0
Puerto Rico,2020.0,84661.0,1676.0,pr,3.0331364700151067,103130900000.0,31427.4291136799,8.89,2.38228345642378,-4.1808743093346,-21.094817978852262,70353300000.0
Puerto Rico,2021.0,232900.0,1643.0,pr,2.215553767989016,106426600000.0,32619.250416757,7.9,2.79963990475235,0.385222719529239,-21.094817978852262,73357200000.0
Puerto Rico,2022.0,823067.0,2255.0,pr,2.215553767989016,113567200000.0,35268.0791015719,6.0,3.03307902175796,3.56811024720668,-21.094817978852262,78476700000.0
Puerto Rico,2023.0,112085.0,364.0,pr,2.926658187561733,117902300000.0,36779.0594913858,5.725,3.23545943820875,0.563519426800866,-21.094817978852262,81550700000.0
Puerto Rico,2024.0,0.0,0.0,pr,2.554233037969812,16608801798.988466,1849.279733011051,5.472,1.9752454489124902,2.5462766841269335,-16.028488031906782,16769267129.542799
Puerto Rico,2025.0,0.0,0.0,pr,2.554233037969812,16608801798.988466,1849.279733011051,11.998666666666665,1.9752454489124902,2.5462766841269335,-16.028488031906782,16769267129.542799
Qatar,2017.0,0.0,0.0,qa,0.394878914083005,161099122225.275,63279.8556949332,0.14,7.78756965604812,-1.49760470227838,3.98856887721847,160679616730.769
Qatar,2018.0,0.0,0.0,qa,0.255815382724408,183334953818.681,71039.8490579352,0.11,12.4144035260003,1.23487220191065,9.08293669883969,179589624148.352
Qatar,2019.0,0.0,0.0,qa,-0.666641124861147,176371267689.082,66841.3013472693,0.1,-4.45591421178636,0.688240959581748,2.41529709782418,171961652307.692
Qatar,2020.0,143621.0,245.0,qa,-2.5403150300476,144411363345.27,51683.5054353851,0.14,-15.100420309421,-3.55760399909477,-2.06750647355623,141366857857.143
Qatar,2021.0,106166.0,372.0,qa,2.30446565742003,179732009554.846,71751.8831234838,0.14,22.4660221244491,1.62684672468288,14.6435967830201,176969097472.527
Qatar,2022.0,239545.0,68.0,qa,4.99527553740761,235709325708.341,88701.463350036,0.13,25.8769173658359,4.18500971344966,26.7778361985376,227481667472.527
Qatar,2023.0,25192.0,5.0,qa,3.02764899198902,213002809330.267,80195.874646942,0.13,-10.6934814488438,1.18715991184813,17.1136863386523,206928908231.366
Qatar,2024.0,0.0,0.0,qa,1.26734310292375,16608801798.988466,1849.279733011051,0.126,1.9752454489124902,2.5462766841269335,-16.028488031906782,16769267129.542799
Qatar,2025.0,0.0,0.0,qa,2.554233037969812,16608801798.988466,1849.279733011051,11.998666666666665,1.9752454489124902,2.5462766841269335,-16.028488031906782,16769267129.542799
Romania,2017.0,0.0,0.0,ro,1.3390212110439,210147385855.419,10727.9822007426,4.927,4.65130664700149,8.19547826641261,-3.19415712159883,207139929998.628
Romania,2018.0,0.0,0.0,ro,4.62548443137779,243468683030.34,12502.2624061935,4.187,6.18674870152643,6.120930007146,-4.57574630656688,239021337055.325
Romania,2019.0,0.0,0.0,ro,3.82785432599438,251677082534.495,12992.0326104674,3.912,6.94651343516345,3.92326384963494,-4.83888471153027,248106362712.884
Romania,2020.0,627941.0,15596.0,ro,2.63107311184743,252033792712.145,13082.3006559554,5.035,4.11051645013276,-3.67438440910189,-5.11170596373103,248241836530.323
Romania,2021.0,1179282.0,43118.0,ro,5.05232876096582,286578196368.297,14986.7854904274,5.59,5.61025509902417,5.5457096259051,-7.17641506065995,280850525992.947
Romania,2022.0,1501257.0,8660.0,ro,13.7954887432521,296354358293.475,15557.8826247584,5.614,12.0919624576312,3.96530766311717,-9.22066575659504,287401142589.008
Romania,2023.0,204113.0,1340.0,ro,10.3971874764996,350775856415.189,18404.2730871704,5.589,12.7699377919606,2.40427177912809,-6.97326015106598,341406887173.994
Romania,2024.0,55152.0,239.0,ro,-4.5191101423114,8810345882811.213,7894.668189328074,5.379,10.227897405693115,5.765658208604243,3.439600756095152,8782872449065.7295
Romania,2025.0,29042.0,86.0,ro,1.5049439792764752,9177937750079.96,23504.664057106962,5.078666666666667,3.2059769336673436,4.525794629994259,1.193549912283165,9142202588523.14
Russian Federation,2017.0,0.0,0.0,ru,3.68332944412233,1574199360089.0,10658.9130859375,5.238,5.34981508767618,1.82579006401834,2.04412673615753,1532146060813.91
Russian Federation,2018.0,0.0,0.0,ru,2.87829723647884,1657328773461.31,11211.8876953125,4.871,9.99797671148308,2.80724541059601,6.97989872935135,1616936904758.28
Russian Federation,2019.0,0.0,0.0,ru,4.47036660760173,1693115002708.32,11447.701171875,4.513,3.26313281881684,2.19807571335009,3.87612476973049,1639594452707.88
Russian Federation,2020.0,3159297.0,57019.0,ru,3.38165937237898,1493075894362.14,10108.3271484375,5.62,0.898246027195242,-2.65365450102773,2.36911533657246,1458071184362.37
Russian Federation,2021.0,7340685.0,251841.0,ru,6.69445891957612,1843392293734.38,12521.5224609375,4.749,19.4115890615904,5.61429037578345,6.77842857565971,1800376274532.51
Russian Federation,2022.0,11298527.0,84852.0,ru,87.17806780221933,2266029240645.34,15445.2421875,3.867,16.7152740606271,-2.06971152527731,10.4912490569379,2219007320645.76
Russian Federation,2023.0,1948043.0,7647.0,ru,75.08227162314866,2021421476035.42,13817.0458984375,3.076,7.07360156603734,3.60000000000001,2.48008562206929,1994504886035.41
Russian Federation,2024.0,1085295.0,2708.0,ru,6.144428406423823,430080043033.65094,53906.59191319002,2.527,12.577477771225453,3.7981207859694432,7.485411231015406,439849752184.7823
Russian Federation,2025.0,69620.0,223.0,ru,2.1890535213174633,13495122566044.4,9622.104070651132,4.446666666666666,3.0063766728526233,6.54915845982896,0.8089904127730444,13456066031704.865
Rwanda,2017.0,0.0,0.0,rw,8.27953672260832,9252834336.49492,758.301002985965,11.875,8.16262594714252,3.91817093628465,-9.46048131401367,8961396887.97232
Rwanda,2018.0,0.0,0.0,rw,-0.311210160390699,9637904655.17446,771.773521962568,10.759,-0.603329019206939,8.51646722592409,-10.114250948548,9290176578.87054
Rwanda,2019.0,0.0,0.0,rw,3.34787655037648,10349300380.33,810.051420243718,11.236,2.47117029507604,9.44738518613097,-11.8932236858243,10001278819.8817
Rwanda,2020.0,8250.0,86.0,rw,9.85039902274207,10174387374.3478,778.701538550324,11.829,6.71183680148918,-3.37368746369782,-12.064812216896,9937664507.81212
Rwanda,2021.0,102308.0,1263.0,rw,-0.391346748300791,11069280649.6459,828.833032800998,15.775,2.85751132750647,10.8579677614975,-10.924027530399,10843185964.5843
Rwanda,2022.0,22421.0,118.0,rw,17.6892095588153,13316160895.0447,975.469315871749,15.084,15.9144975139225,8.15773308481241,-9.36031324294925,13036292514.0951
Rwanda,2023.0,229.0,1.0,rw,19.789546746467,14097768472.1883,1010.2689290184,12.352,10.1301242308679,8.24128769450616,-11.7303701619048,13817608901.8164
Rwanda,2024.0,58.0,0.0,rw,1.77029240198635,16608801798.988466,1849.279733011051,11.994,1.9752454489124902,2.5462766841269335,-16.028488031906782,16769267129.542799
Rwanda,2025.0,8.0,0.0,rw,2.554233037969812,16608801798.988466,1849.279733011051,11.998666666666665,1.9752454489124902,2.5462766841269335,-16.028488031906782,16769267129.542799
Samoa,2017.0,0.0,0.0,ws,1.74989677484705,884844384.463214,4307.59381964907,9.4,0.304905422515247,1.40628239971301,-1.07027554451417,858933636.429606
Samoa,2018.0,0.0,0.0,ws,4.19745888663752,878448433.404342,4231.81409469194,8.639,1.09758340635358,-0.609647103380141,2.68908513860988,849320886.656242
Samoa,2019.0,0.0,0.0,ws,0.982326569888117,912950466.064906,4351.94234943706,7.838,1.49948619479095,4.45185891688691,3.73223650537796,877132815.606518
Samoa,2020.0,1.0,0.0,ws,-1.56891247740895,868898358.266437,4099.6600907147,7.435,1.22360923994052,-3.10844401053139,-8.71582198203278,838366843.735625
Samoa,2021.0,1.0,0.0,ws,3.13320473174494,843923638.733018,3947.64517905415,6.612,-0.401252917375643,-7.07883094291508,-13.5611890300086,829263325.780194
Samoa,2022.0,16277.0,29.0,ws,10.9618822286844,832945205.637185,3869.46639492144,5.048,5.63837728809762,-5.30629089966979,-8.89697504523242,812472950.556034
Samoa,2023.0,683.0,2.0,ws,7.92164684826777,938189443.830393,4330.17840531329,4.977,8.71088435704601,8.58409121817338,4.25995036799314,924520032.609436
Samoa,2024.0,95.0,0.0,ws,2.17245530514377,16608801798.988466,1849.279733011051,4.551,1.9752454489124902,2.5462766841269335,-16.028488031906782,16769267129.542799
Samoa,2025.0,0.0,0.0,ws,2.554233037969812,16608801798.988466,1849.279733011051,11.998666666666665,1.9752454489124902,2.5462766841269335,-16.028488031906782,16769267129.542799
San Marino,2017.0,0.0,0.0,sm,1.01413313194508,1528620346.31168,45192.0279766943,2.061666666666667,1.74335584048488,0.258265466328027,-0.391282695967683,1415999665.61456
San Marino,2018.0,0.0,0.0,sm,1.16333522293158,1655353653.05934,47950.6880557136,5.546666666666667,2.06429610242003,1.49390531817373,-1.8872752884789,1507442962.87199
San Marino,2019.0,0.0,0.0,sm,0.472651967352852,1616232125.12587,46627.0122356944,2.061666666666667,0.914100160109228,2.06568514732739,2.03446629723337,1479667047.50921
San Marino,2020.0,2401.0,59.0,sm,-0.133368898372915,1544714493.24409,44426.6463400658,4.553333333333334,0.344576815256147,-6.64791081780605,2.7823596967632,1394334873.33738
San Marino,2021.0,5850.0,40.0,sm,1.61551411551421,1855395999.76534,54168.9828262684,6.785333333333333,1.84143317836185,13.8977895076234,5.39603170026162,1672180214.30153
San Marino,2022.0,14918.0,22.0,sm,5.32545321311365,1831700577.08904,54264.570495898,4.816333333333334,2.7646735234789,7.89844145767604,15.5187024540628,1672839869.40509
San Marino,2023.0,2123.0,5.0,sm,5.93190858629403,174110570800.40396,4075.6184190394433,12.746,7.804128684910034,2.2004297867610165,-1.3733326771250036,169493857562.1804
San Marino,2024.0,0.0,0.0,sm,1.24216507945569,16608801798.988466,1849.279733011051,11.998666666666665,1.9752454489124902,2.5462766841269335,-16.028488031906782,16769267129.542799
San Marino,2025.0,0.0,0.0,sm,2.554233037969812,16608801798.988466,1849.279733011051,11.998666666666665,1.9752454489124902,2.5462766841269335,-16.028488031906782,16769267129.542799
Sao Tome and Principe,2017.0,0.0,0.0,st,5.6902961992902,322002845.229335,1555.79477812888,8.808,4.08077375939095,4.11297966281954,-22.7156290253769,321612895.939217
Sao Tome and Principe,2018.0,0.0,0.0,st,7.86859628873909,383717327.830508,1825.59971753966,8.714,8.91966149527528,4.37812808264972,-19.5798259962622,385528483.765863
Sao Tome and Principe,2019.0,0.0,0.0,st,7.72024525213248,412976082.620705,1935.2931816596,8.831,11.2643680903642,2.01431672129407,-21.799320591176,412519347.900467
Sao Tome and Principe,2020.0,1014.0,17.0,st,9.81932791540146,471229484.607144,2167.22001796925,9.686,9.26827734771341,2.62485949543812,-12.64674361519,476007362.623223
Sao Tome and Principe,2021.0,2863.0,40.0,st,8.13777038378732,524402455.54816,2362.58827248102,9.6,5.16433588592962,1.89929891337832,-18.1632158527971,527132540.019692
Sao Tome and Principe,2022.0,2402.0,20.0,st,18.0056351122841,540809499.189348,2389.73729784737,8.992,15.7806509935932,0.168698492216564,-14.688595567935,551326234.783983
Sao Tome and Principe,2023.0,457.0,3.0,st,21.2589138473,678976264.835436,2940.93352926715,9.071,21.6884761062027,0.372252775001456,-8.067993974795943,685740967.432403
Sao Tome and Principe,2024.0,35.0,0.0,st,2.554233037969812,16608801798.988466,1849.279733011051,9.17,1.9752454489124902,2.5462766841269335,-16.028488031906782,16769267129.542799
Sao Tome and Principe,2025.0,0.0,0.0,st,2.554233037969812,16608801798.988466,1849.279733011051,11.998666666666665,1.9752454489124902,2.5462766841269335,-16.028488031906782,16769267129.542799
Saudi Arabia,2017.0,0.0,0.0,sa,-0.838194579675018,714994666666.667,23081.2045336558,5.89,6.38731634132101,0.911048655580274,1.69587571441748,726876989173.333
Saudi Arabia,2018.0,0.0,0.0,sa,2.45814158007532,846583733333.333,28036.0264674095,6.029,14.7336140424025,3.19922678028009,8.61769056124221,854758208400.0
Saudi Arabia,2019.0,0.0,0.0,sa,-2.09333333333329,838564800000.0,27892.8421521179,5.636,-2.02274033833496,1.09773374954092,4.58535509505622,846719422506.667
Saudi Arabia,2020.0,362601.0,6214.0,sa,3.44545825956692,734271200000.0,23271.4037647084,7.66,-9.18456817699072,-3.58153486307663,-3.47926474073661,745486551306.667
Saudi Arabia,2021.0,192816.0,2661.0,sa,3.06328988941547,874156000000.0,28396.0864182336,6.621,13.3007001530628,5.07511034987979,4.63688719545091,887051480960.0
Saudi Arabia,2022.0,271567.0,640.0,sa,2.4740737192537,1108571466666.67,34454.1957708412,5.589,17.9839455619021,7.48598429134137,13.5628144844014,1118179993493.33
Saudi Arabia,2023.0,14485.0,131.0,sa,2.32708518362692,1067582933333.33,32093.9622984711,4.008,-2.96488667496891,-0.754914810584665,3.29091687721662,1073418445360.0
Saudi Arabia,2024.0,0.0,0.0,sa,1.68792112375817,16608801798.988466,1849.279733011051,3.896,1.9752454489124902,2.5462766841269335,-16.028488031906782,16769267129.542799
Saudi Arabia,2025.0,0.0,0.0,sa,2.554233037969812,16608801798.988466,1849.279733011051,11.998666666666665,1.9752454489124902,2.5462766841269335,-16.028488031906782,16769267129.542799
Senegal,2017.0,0.0,0.0,sn,1.3181531484778,20996562943.5979,1356.80518449031,4.078,0.598916826886537,7.4074861863013,-7.26914082739769,20409580182.44
Senegal,2018.0,0.0,0.0,sn,0.460985642464282,23116701556.1381,1452.55612562445,3.455,-0.839644464738328,6.20924103389086,-9.58292425612148,22515158389.2178
Senegal,2019.0,0.0,0.0,sn,1.76011151192938,23403995992.1354,1431.18128932159,2.863,2.08580185181253,4.61362809749708,-8.10949609772066,22793623628.4741
Senegal,2020.0,18945.0,402.0,sn,2.54314685681652,24530513037.7518,1461.08720350553,3.437,1.60273383045899,1.3420737726679,-10.8532305243561,24122233479.2522
Senegal,2021.0,55925.0,1488.0,sn,2.18032278088147,27520784129.7508,1598.10676952274,3.44,1.44730627584974,6.54400109964304,-12.0900482268387,26818952801.8446
Senegal,2022.0,14030.0,78.0,sn,9.69681899081073,27619479059.6131,1564.74522071584,2.837,8.72786615579552,3.82586363675534,-20.0668972619486,26730995883.9422
Senegal,2023.0,150.0,3.0,sn,5.93947798773215,30848333083.7055,1706.44218024762,2.8,3.85182919223391,4.58406140454957,-19.6828748022512,29815310912.7186
Senegal,2024.0,270.0,1.0,sn,3.7310721881079387,75562525362.76717,1857.1581772841673,2.992,3.13767068671865,1.7787437773967667,-17.3876679057941,74979482653.2517
Senegal,2025.0,106.0,0.0,sn,2.554233037969812,16608801798.988466,1849.279733011051,11.998666666666665,1.9752454489124902,2.5462766841269335,-16.028488031906782,16769267129.542799
Serbia,2017.0,0.0,0.0,rs,3.13106248590115,45972834713.8077,6548.03653824187,13.477,2.99735460836095,2.36339378690924,-5.05239948291626,43120235148.2036
Serbia,2018.0,0.0,0.0,rs,1.95984076293801,52787520248.9242,7559.86165747394,12.733,1.99999940277962,4.64935035491007,-4.65847286841161,50210951337.9451
Serbia,2019.0,0.0,0.0,rs,1.84922984511086,53864693664.5568,7755.632986437,10.395,2.34783114136296,4.75020793899014,-6.56331526088246,51089361866.0137
Serbia,2020.0,334991.0,3163.0,rs,1.57553290083415,55874017668.998,8098.70955668849,9.011,2.6493593974983,-0.950023991851594,-3.89586001943546,54250382218.3185
Serbia,2021.0,962156.0,9525.0,rs,4.08510285335102,66159884072.5308,9680.52798074468,9.843,5.68404945078089,7.94905650472278,-4.01208394283306,63725727979.9209
Serbia,2022.0,1148332.0,4827.0,rs,11.9815117344703,66797564758.339,10022.9688543402,8.439,10.5159219499465,2.63098644408841,-6.67240065379081,63640695711.6359
Serbia,2023.0,122483.0,542.0,rs,12.3719043552519,81342660752.3732,12281.5058488303,8.268,13.8402321392915,3.84747112784942,-2.39368330844907,77124644204.4078
Serbia,2024.0,0.0,0.0,rs,4.6705297488997,16608801798.988466,1849.279733011051,7.39,1.9752454489124902,2.5462766841269335,-16.028488031906782,16769267129.542799
Serbia,2025.0,13.0,0.0,rs,2.554233037969812,16608801798.988466,1849.279733011051,11.998666666666665,1.9752454489124902,2.5462766841269335,-16.028488031906782,16769267129.542799
Seychelles,2017.0,0.0,0.0,sc,2.85679575568437,1675370641.01416,17480.3651911372,4.058666666666666,2.33249048759716,6.95416218794271,-2.20368065340164,1562444817.2832
Seychelles,2018.0,0.0,0.0,sc,3.70291839111568,1784313926.76807,18440.2340460932,6.1513333333333335,3.44738196587787,4.93947272254312,-2.34133369670356,1699144648.12567
Seychelles,2019.0,0.0,0.0,sc,1.80709400809982,1868690096.73454,19141.5118743615,5.546666666666667,0.126950238609624,5.5142920737342,-2.842387489846,1794024905.13602
Seychelles,2020.0,226.0,0.0,sc,1.20266463987123,1382551751.56908,14041.4754074575,18.781666666666666,5.23042858538314,-11.7398608281732,-12.5301883307748,1333464346.73047
Seychelles,2021.0,24562.0,126.0,sc,9.76909936973542,1487173794.80528,14982.9111487767,5.908333333333334,2.75005993802337,0.552281631207279,-10.7699576448461,1424837754.71952
Seychelles,2022.0,25567.0,46.0,sc,2.6260363285129,2057968519.83091,17167.1909760833,5.908333333333334,1.52239094163566,14.9768513322959,-6.88290172207539,1994563783.75784
Seychelles,2023.0,865.0,0.0,sc,-1.03530088431952,2141450171.13932,17879.2396545075,8.182333333333332,-0.932509493159856,3.16171435490999,-7.24715426737782,2124655768.52687
Seychelles,2024.0,679.0,0.0,sc,0.311726050919668,170399070970.07272,4118.6517339046,13.437,9.469120786382435,1.8175956863047718,-3.3041732200028537,166961510329.8563
Seychelles,2025.0,0.0,0.0,sc,2.554233037969812,16608801798.988466,1849.279733011051,11.998666666666665,1.9752454489124902,2.5462766841269335,-16.028488031906782,16769267129.542799
Sierra Leone,2017.0,0.0,0.0,sl,18.2215094003386,5818480351.63706,788.486867334833,3.834,8.95600063695517,3.7538032140037,-11.680321040579,5718813430.74186
Sierra Leone,2018.0,0.0,0.0,sl,16.0295447693699,6390514688.52816,845.914540460932,3.192,14.0105639405151,3.47290262012454,-9.25504556429235,6321721809.58471
Sierra Leone,2019.0,0.0,0.0,sl,14.8049990906021,6523577590.38319,843.71251730417,3.203,9.91558334836972,5.50270937378153,-7.78800790188033,6453832475.36326
Sierra Leone,2020.0,2583.0,76.0,sl,13.4468711101052,6688594757.62129,845.313836261458,3.508,13.2769444949676,-1.2533490322766,-5.83703102745449,6661953410.23387
Sierra Leone,2021.0,4400.0,47.0,sl,11.8739588840234,7165214367.64956,885.184270659578,3.556,7.43295884720851,5.8968527047094,-7.29657128553341,7095115114.09872
Sierra Leone,2022.0,777.0,2.0,sl,27.2082883814653,7119137321.90082,860.130884035452,3.175,26.9524276570781,5.3135546141915,-6.35040642174422,7052172099.95978
Sierra Leone,2023.0,19.0,0.0,sl,47.6428733253179,6411869546.28929,757.85833603088,3.153,29.2160488413443,5.7100218981806,-9.45681062756132,6357900250.52952
Sierra Leone,2024.0,206.0,0.0,sl,28.6337500014115,17463928105.430965,2159.0784098600475,3.126,1.8251985345976802,1.9662662907300534,-16.120627383866054,17546602445.6194
Sierra Leone,2025.0,0.0,0.0,sl,2.554233037969812,16608801798.988466,1849.279733011051,11.998666666666665,1.9752454489124902,2.5462766841269335,-16.028488031906782,16769267129.542799
Singapore,2017.0,0.0,0.0,sg,0.576260310166349,343257164581.712,61162.0973932771,4.2,2.89404191400374,4.51292631770927,18.6260950135482,319463982475.515
Singapore,2018.0,0.0,0.0,sg,0.43862011844684,376892697588.005,66840.6373389791,3.613,3.60410043476227,3.51711418509255,15.7021310963339,330780032057.128
Singapore,2019.0,0.0,0.0,sg,0.565260568780326,376901649222.451,66081.7199235165,3.1,-0.20441464095768,1.34505874082728,15.3540131622503,333217559842.775
Singapore,2020.0,58569.0,29.0,sg,-0.181916666666634,349488382610.662,61466.803676358,4.1,-2.43859056928547,-3.86979893430043,17.4848519172132,301827008237.772
Singapore,2021.0,220836.0,799.0,sg,2.30485959040484,434111559282.849,79601.4129622433,4.64,10.2637667092318,9.69076687082064,19.9108522556576,369181671818.698
Singapore,2022.0,1921974.0,883.0,sg,6.12106004039418,498474540987.78,88428.7024226232,3.591,13.4781380113655,3.83807678519807,18.8115123045876,402947122111.431
Singapore,2023.0,723136.0,243.0,sg,4.82146729476466,501427500080.059,84734.2559206054,3.444,-3.06902994364776,1.07503175095101,17.8297603314757,420675068720.039
Singapore,2024.0,81640.0,70.0,sg,2.36645846996694,13495122566044.4,9622.104070651132,3.182,3.0063766728526233,6.54915845982896,0.8089904127730444,13456066031704.865
Singapore,2025.0,0.0,0.0,sg,2.554233037969812,16608801798.988466,1849.279733011051,11.998666666666665,1.9752454489124902,2.5462766841269335,-16.028488031906782,16769267129.542799
Sint Maarten (Dutch part),2017.0,0.0,0.0,sx,2.19201010962985,1353212122.90503,34701.3058494468,2.061666666666667,2.55581757014862,-7.53521399882428,3.48114676740387,1326983575.41899
Sint Maarten (Dutch part),2018.0,0.0,0.0,sx,3.1554234201128772,1259200446.92737,31708.3110124742,2.061666666666667,-0.096963578940688,-6.85698299227944,5.93015272305455,1230764692.73743
Sint Maarten (Dutch part),2019.0,0.0,0.0,sx,3.1554234201128772,1407880446.92737,34861.469528968,2.061666666666667,0.759240923003787,10.9650009352392,-11.7225151374585,1358106648.04469
Sint Maarten (Dutch part),2020.0,1423.0,27.0,sx,4.734378417717351,1236428100.55866,30150.8998380477,6.518666666666667,1.31368166079125,-13.3167887221567,-23.4917218241245,1205403240.22346
Sint Maarten (Dutch part),2021.0,3631.0,48.0,sx,7.752678196663168,1353071061.45251,32548.4366854902,13.397666666666666,4.64369866790126,4.57759677933345,-23.0189555338875,1312181062.88268
Sint Maarten (Dutch part),2022.0,5938.0,14.0,sx,4.524283155684923,1537088715.0838,36476.6300833859,6.785333333333333,3.46083611779808,9.80000111145777,-3.70725232653415,1490391842.50279
Sint Maarten (Dutch part),2023.0,59.0,3.0,sx,4.035144244617677,1627776949.27374,38077.5444869761,4.565333333333333,2.02312138728323,3.8,-7.16884829145813,1578734672.13966
Sint Maarten (Dutch part),2024.0,0.0,0.0,sx,2.554233037969812,16608801798.988466,1849.279733011051,11.998666666666665,1.9752454489124902,2.5462766841269335,-16.028488031906782,16769267129.542799
Sint Maarten (Dutch part),2025.0,0.0,0.0,sx,2.554233037969812,16608801798.988466,1849.279733011051,11.998666666666665,1.9752454489124902,2.5462766841269335,-16.028488031906782,16769267129.542799
Slovenia,2017.0,0.0,0.0,si,1.42910743319306,48153200134.6613,23303.077705959,6.564,1.28762872790161,5.17440453956443,6.82058845826205,47713353120.1966
Slovenia,2018.0,0.0,0.0,si,1.7386086198818,53689067639.9176,25888.0481065655,5.108,2.1809554232366,4.37908171612922,6.52066143026877,53372127792.3945
Slovenia,2019.0,0.0,0.0,si,1.63052260754344,53909922735.545,25814.1687167572,4.446,2.33858818675805,3.50525166840163,6.45290585431634,53555776974.3685
Slovenia,2020.0,115411.0,2881.0,si,-0.05485681576061,53384760135.1581,25392.0651093612,4.971,1.18953023258868,-4.08499815297814,7.67395367082141,53456563151.3511
Slovenia,2021.0,341431.0,3208.0,si,1.91706506089259,61529280461.092,29187.369382785,4.744,2.68996436135656,8.38965032094461,3.36842854821461,61087662970.4137
Slovenia,2022.0,843961.0,2712.0,si,8.83369886749452,59927702746.2843,28373.8382265999,4.011,6.51715101546723,2.69923755687375,-1.03019750160202,58905498955.8115
Slovenia,2023.0,53614.0,889.0,si,7.44687717385838,69148468417.3208,32610.110922729,3.652,10.0501057520513,2.11259184318999,4.47248441339547,68204657444.1747
Slovenia,2024.0,7931.0,224.0,si,1.96562656432512,1132340030819.1145,41876.879182814766,3.357,10.50952616301233,2.658854830213813,-3.46757714476457,1099725053459.0312
Slovenia,2025.0,1660.0,0.0,si,6.557684629400306,153684745916.64276,6164.62220808924,11.269666666666666,3.9529659357149174,3.1788750858072468,-3.4166731879627767,151656595055.31836
Solomon Islands,2017.0,0.0,0.0,sb,0.488686760261083,1469789119.08756,2143.57465243959,0.725,2.5766856785921,3.07534803424636,-4.27498999015075,1440170145.00361
Solomon Islands,2018.0,0.0,0.0,sb,3.46147484973729,1615478393.28614,2278.20633913383,0.72,7.85787438297851,2.74599542334096,-2.95981146196371,1594890892.86961
Solomon Islands,2019.0,0.0,0.0,sb,1.63485544012247,1619155017.3924,2223.66502559565,0.743,1.24130303241819,1.74856655451832,-9.51098244742117,1602564673.522
Solomon Islands,2020.0,17.0,0.0,sb,2.96354992076065,1536145814.17007,2063.33101522108,0.864,-1.32591732051718,-3.3811475409836,-1.63132631148554,1572050827.1044
Solomon Islands,2021.0,7.0,0.0,sb,-0.115437894412839,1522794913.0914,1996.86976779348,0.884,-5.504745457506,2.56434975416948,-5.13474114732006,1540747133.63315
Solomon Islands,2022.0,21587.0,153.0,sb,5.51812928576938,1566360686.10632,2005.4139933198,1.483,2.01661207154767,2.40248143622522,-13.9516929510842,1574657865.26896
Solomon Islands,2023.0,4343.0,46.0,sb,5.88585897042164,1633319401.19414,2041.6364912646,1.455,3.88899446253055,3.07976981501386,-10.9101157275012,1658453812.50834
Solomon Islands,2024.0,0.0,0.0,sb,2.554233037969812,16608801798.988466,1849.279733011051,1.47,1.9752454489124902,2.5462766841269335,-16.028488031906782,16769267129.542799
Solomon Islands,2025.0,0.0,0.0,sb,2.554233037969812,16608801798.988466,1849.279733011051,11.998666666666665,1.9752454489124902,2.5462766841269335,-16.028488031906782,16769267129.542799
Somalia,2017.0,0.0,0.0,so,119.53150797388173,7621501720.00021,510.939952988052,18.523,0.597727181659508,14.7357951487888,-1.6296059817875632,7588940646.51802
Somalia,2018.0,0.0,0.0,so,3.33150480787511,7873440838.36559,509.525802439801,18.738,4.97532968432834,2.05431485565899,-1.6296059817875632,7839349638.49573
Somalia,2019.0,0.0,0.0,so,119.53150797388173,8655023960.002,539.893931565468,18.828,11.8594164700306,2.82431336541845,-1.6296059817875632,8619332513.2951
Somalia,2020.0,4714.0,130.0,so,0.5895061861200536,8628393719.99922,518.184778494176,19.413,5.36583593677899,-2.75248103927831,-17.565051545445744,8590360804.26614
Somalia,2021.0,18818.0,1203.0,so,75.81831816834035,9483997404.25227,549.114743546859,19.662,7.3886001174333,3.45822792939802,-21.094817978852262,9441984488.45382
Somalia,2022.0,3778.0,28.0,so,9.279222092620646,10202767269.9603,573.128092470162,19.05,7.91416641125198,2.72711429582988,-17.565051545445744,10157767269.9601
Somalia,2023.0,24.0,0.0,so,3.33150480787511,10968517090.0004,597.458854603159,18.941,4.5724656131988,4.21638432609835,-1.6296059817875632,10922457080.0007
Somalia,2024.0,0.0,0.0,so,2.554233037969812,16608801798.988466,1849.279733011051,18.861,1.9752454489124902,2.5462766841269335,-16.028488031906782,16769267129.542799
Somalia,2025.0,0.0,0.0,so,2.554233037969812,16608801798.988466,1849.279733011051,11.998666666666665,1.9752454489124902,2.5462766841269335,-16.028488031906782,16769267129.542799
South Africa,2017.0,0.0,0.0,za,5.18618655524149,381448814653.456,6618.33508255701,27.035,5.47332197481477,1.15794695181735,-2.37436753188649,370872987853.886
South Africa,2018.0,0.0,0.0,za,4.50987264867388,405260723892.517,6914.1780318076,26.906,3.99329508509443,1.55678384721676,-3.00051939426577,393942734756.111
South Africa,2019.0,0.0,0.0,za,4.10285075461156,389330032224.269,6533.71121032856,28.468,4.61352469052481,0.25993557687633,-2.61999067483039,379611912078.734
South Africa,2020.0,1039161.0,28033.0,za,3.23238831615113,337974655408.055,5580.60383075189,29.217,5.3913943350576,-6.1689177146757,2.00352275153333,332348812405.049
South Africa,2021.0,2407371.0,63028.0,za,4.61874544887136,420886877628.703,6843.39941886204,34.007,6.53869058287115,4.95503259440756,3.73044877034516,412864533620.666
South Africa,2022.0,602048.0,11507.0,za,7.03987272546482,406920004594.074,6523.41097815853,33.268,4.99247138395964,1.91147996033504,-0.461509368787066,398453691164.869
South Africa,2023.0,24056.0,27.0,za,6.0752438457966,380699271814.508,6022.5425418935,32.098,4.80427142532388,0.698485194788034,-1.6136668878188,375533190780.566
South Africa,2024.0,237.0,0.0,za,4.36115246518962,75562525362.76717,1857.1581772841673,33.168,3.13767068671865,1.7787437773967667,-17.3876679057941,74979482653.2517
South Africa,2025.0,192.0,0.0,za,2.554233037969812,16608801798.988466,1849.279733011051,11.998666666666665,1.9752454489124902,2.5462766841269335,-16.028488031906782,16769267129.542799
South Sudan,2017.0,0.0,0.0,ss,187.851630279442,16608801798.988466,1849.279733011051,13.111,1.9752454489124902,2.5462766841269335,8.30684638743949,16769267129.542799
South Sudan,2018.0,0.0,0.0,ss,83.5015294921999,16608801798.988466,1849.279733011051,12.952,1.9752454489124902,2.5462766841269335,-9.0382483224269,16769267129.542799
South Sudan,2019.0,0.0,0.0,ss,87.2413641500033,16608801798.988466,1849.279733011051,12.709,1.9752454489124902,2.5462766841269335,-4.15741601037528,16769267129.542799
South Sudan,2020.0,3540.0,64.0,ss,29.6758435538571,472024815552.65137,10549.776257792104,14.319,22.964963092261097,1.4337021716462797,-35.0491711578272,459111882432.81836
South Sudan,2021.0,12086.0,72.0,ss,10.5167158294359,1360601919184.7866,54296.55893252574,14.029,2.4692334657451904,1.679490259017429,-0.13161314202058,1323447842031.2634
South Sudan,2022.0,2742.0,2.0,ss,-6.68732094212672,174110570800.40396,4075.6184190394433,12.545,7.804128684910034,2.2004297867610165,-11.7319125163085,169493857562.1804
South Sudan,2023.0,451.0,9.0,ss,2.38280434813759,170399070970.07272,4118.6517339046,12.477,9.469120786382435,1.8175956863047718,13.6100823263813,166961510329.8563
South Sudan,2024.0,41.0,0.0,ss,2.554233037969812,16608801798.988466,1849.279733011051,11.998666666666665,1.9752454489124902,2.5462766841269335,-16.028488031906782,16769267129.542799
South Sudan,2025.0,13.0,0.0,ss,2.554233037969812,16608801798.988466,1849.279733011051,11.998666666666665,1.9752454489124902,2.5462766841269335,-16.028488031906782,16769267129.542799
Spain,2017.0,0.0,0.0,es,1.95607633363963,1321754088818.83,28367.9392609439,17.224,1.25794431599297,2.8960420808163,2.82857699785743,1313739000871.77
Spain,2018.0,0.0,0.0,es,1.6749813686379,1431642809327.06,30592.1264795541,15.255,1.18735474303686,2.39541120364247,1.86142647160727,1423751671292.55
Spain,2019.0,0.0,0.0,es,0.699518994458739,1403496387686.27,29776.2011500384,14.104,1.42867121354817,1.9611785315135,2.11978917805626,1396786257474.51
Spain,2020.0,1919549.0,53964.0,es,-0.322753017299739,1289783836971.21,27230.3599933583,15.532,1.133914569064,-10.9400706591866,0.819280213926574,1281402401923.74
Spain,2021.0,4180589.0,37311.0,es,3.0931351197642,1461244901852.69,30817.6828559001,14.781,2.55611238398019,6.6831441850028,0.765004613238448,1456884138329.43
Spain,2022.0,7654824.0,27668.0,es,8.39057634118627,1446498147749.03,30287.3657583614,12.917,4.71187418437,6.17931222572963,0.309856961117303,1424534712303.51
Spain,2023.0,225378.0,2909.0,es,3.53236133492433,1620090734956.89,33509.0127982139,12.179,6.23528003904008,2.67566349258229,2.65494270436243,1606770094001.98
Spain,2024.0,0.0,0.0,es,2.77417826534772,16608801798.988466,1849.279733011051,11.394,1.9752454489124902,2.5462766841269335,-16.028488031906782,16769267129.542799
Spain,2025.0,0.0,0.0,es,2.554233037969812,16608801798.988466,1849.279733011051,11.998666666666665,1.9752454489124902,2.5462766841269335,-16.028488031906782,16769267129.542799
Sri Lanka,2017.0,0.0,0.0,lk,7.70413767850602,94376237797.2367,4401.05567045499,4.046,5.47284529470402,6.4606812707036,-2.44658578991858,92061614515.9046
Sri Lanka,2018.0,0.0,0.0,lk,2.135037737132,94493871200.7869,4360.58473469252,4.318,4.29530620201848,2.31008425192161,-2.96215302641473,92095811316.3413
Sri Lanka,2019.0,0.0,0.0,lk,3.52839358231811,89014978344.1404,4082.69404871533,4.67,3.8705276117724,-0.220483886072614,-2.07088768368178,86545573251.9399
Sri Lanka,2020.0,43299.0,204.0,lk,6.15394508391738,84304298770.5329,3846.17449566736,5.364,3.1043067536519,-4.62451503662909,-1.40813715376196,82024773617.0515
Sri Lanka,2021.0,543946.0,14775.0,lk,7.01478071238195,88609324901.9774,3999.33764677637,4.981,8.02109017405199,4.2074764951157,-3.7064634239359,86619332546.1363
Sri Lanka,2022.0,84639.0,1838.0,lk,49.7211021114327,74144870023.4244,3342.71989646203,4.528,47.4637415221157,-7.34679123599076,-1.95354537364034,72199977445.7357
Sri Lanka,2023.0,823.0,73.0,lk,16.5411742279832,84356863743.6335,3827.96495637489,5.997,17.5191628455588,-2.29801056186895,1.84799342605644,81623429815.1851
Sri Lanka,2024.0,105.0,17.0,lk,-0.42936004906973,16608801798.988466,1849.279733011051,4.996,1.9752454489124902,2.5462766841269335,-16.028488031906782,16769267129.542799
Sri Lanka,2025.0,0.0,0.0,lk,2.554233037969812,16608801798.988466,1849.279733011051,11.998666666666665,1.9752454489124902,2.5462766841269335,-16.028488031906782,16769267129.542799
Sudan,2017.0,0.0,0.0,sd,32.3516260968437,41283617976.1905,966.505676269531,12.953,34.6223707315316,0.70925628476644,-11.1697054533751,39632308795.2381
Sudan,2018.0,0.0,0.0,sd,63.2925073455888,32333780383.2924,731.027465820313,12.303,55.9753254437569,-2.6809305497999,-14.4693934170139,30521438452.0885
Sudan,2019.0,0.0,0.0,sd,50.9940515002965,32338079165.2893,709.975280761719,11.658,51.9788933465452,-2.17825104530091,-14.7808388986177,30717965586.7769
Sudan,2020.0,25500.0,1561.0,sd,163.257782355458,27034593750.0,577.795227050781,11.958,115.65291501439,-3.62980082410752,-21.6064794369516,25561386740.0266
Sudan,2021.0,21411.0,1776.0,sd,359.093040778999,34229513774.9936,712.122009277344,11.044,235.515443582343,-1.8685204827207,-7.65468962500371,32885091723.3444
Sudan,2022.0,16791.0,1658.0,sd,138.80846024176,51666875363.0963,1046.24084472656,7.53,116.874075405794,-0.957816591119183,-8.59889945377348,50588328583.9847
Sudan,2023.0,291.0,51.0,sd,119.53150797388173,109265503110.904,2183.44140625,12.924,213.72584787991,-20.1115759693272,-1.6296059817875632,108296704784.696
Sudan,2024.0,0.0,0.0,sd,2.554233037969812,16608801798.988466,1849.279733011051,11.998666666666665,1.9752454489124902,2.5462766841269335,-16.028488031906782,16769267129.542799
Sudan,2025.0,0.0,0.0,sd,2.554233037969812,16608801798.988466,1849.279733011051,11.998666666666665,1.9752454489124902,2.5462766841269335,-16.028488031906782,16769267129.542799
Suriname,2017.0,0.0,0.0,sr,21.9969430173304,3591679430.99988,6049.52128553675,7.888,28.1451055406702,1.56603782534897,1.92551128292716,3197679430.99988
Suriname,2018.0,0.0,0.0,sr,3.1554234201128772,3996198866.57453,6665.74180472239,7.693,5.66059377089626,4.94827108468886,-2.97065426623087,3608698866.57453
Suriname,2019.0,0.0,0.0,sr,3.1554234201128772,4016040575.08796,6629.66775248603,7.556,5.17890859157816,1.16758977233877,-11.1616172949162,3604040575.08796
Suriname,2020.0,6098.0,120.0,sr,34.889784309078,2911807496.20227,4755.39221710693,8.76,45.2177563492464,-15.9751917148622,8.92387981171874,2446107496.20227
Suriname,2021.0,45933.0,1069.0,sr,59.1196626251977,3107923197.96954,5029.84838543953,8.491,62.0745334560841,-2.43538583612838,5.66881725385778,2714723197.96954
Suriname,2022.0,29550.0,204.0,sr,52.446027276241,3791603200.0259,6084.43876736445,8.16,49.4232837396802,2.40622235601218,2.01288430178227,3484003200.0259
Suriname,2023.0,914.0,11.0,sr,51.5873159600861,3455146280.83975,5494.07409425517,7.631,32.2686064902092,2.53956675446825,4.28281782874234,3135046280.83975
Suriname,2024.0,11.0,2.0,sr,16.2296159130279,16608801798.988466,1849.279733011051,7.325,1.9752454489124902,2.5462766841269335,-16.028488031906782,16769267129.542799
Suriname,2025.0,10.0,0.0,sr,2.554233037969812,16608801798.988466,1849.279733011051,11.998666666666665,1.9752454489124902,2.5462766841269335,-16.028488031906782,16769267129.542799
Sweden,2017.0,0.0,0.0,se,1.79449904665589,536083940228.684,53300.8587281785,6.718,2.22655133855243,1.82515601494717,2.07432570613665,543698522015.555
Sweden,2018.0,0.0,0.0,se,1.95353530127028,551312498430.164,54181.9069780904,6.365,2.61612019490897,1.90296458840773,2.19206475154498,561279115315.834
Sweden,2019.0,0.0,0.0,se,1.78415097403835,532169294165.94,51773.0464558993,6.833,2.42065007708676,2.54964785253048,5.32712064769757,547611418095.424
Sweden,2020.0,447759.0,9706.0,se,0.497367318853572,545147614972.141,52653.7565934247,8.291,1.79366288715698,-2.00533750353763,5.7975833223945,564371291338.878
Sweden,2021.0,878413.0,5639.0,se,2.16319736447153,637186904843.636,61174.9680215622,8.722,2.7406333444759,5.9375085730744,6.70313387861944,663252463172.592
Sweden,2022.0,1354059.0,6961.0,se,8.36929098869189,579895717343.956,55296.9371472535,7.392,5.78193714856063,1.45928850757269,4.72576156484506,604826974545.303
Sweden,2023.0,66386.0,4380.0,se,8.54862489748902,584960475767.32,55516.836477474,7.611,6.14906969650426,-0.310670184725893,6.97807095420788,606603219320.577
Sweden,2024.0,25177.0,1740.0,se,2.83581658224034,9177937750079.96,23504.664057106962,8.528,3.2059769336673436,4.525794629994259,1.193549912283165,9142202588523.14
Sweden,2025.0,7493.0,517.0,se,1.5689846304538282,1132340030819.1145,41876.879182814766,6.413,10.50952616301233,2.658854830213813,-3.46757714476457,1099725053459.0312
Switzerland,2017.0,0.0,0.0,ch,0.533787839825897,695200833086.499,82254.3769269767,4.797,-0.367869216813958,1.36279955711416,5.34410987370175,685587748787.691
Switzerland,2018.0,0.0,0.0,ch,0.936335464113563,725568717468.001,85217.3691512274,4.713,0.764289197175742,2.86044579461633,5.04991825776315,699353255841.699
Switzerland,2019.0,0.0,0.0,ch,0.362886179940614,721369112726.724,84121.9310304414,4.394,-0.103895158007788,1.14198232505277,3.51229448103216,696318048854.117
Switzerland,2020.0,451142.0,7528.0,ch,-0.725874933313384,741999406005.627,85897.7843338323,4.817,-0.699187622738137,-2.14173720650054,0.375066944737831,716684165061.556
Switzerland,2021.0,883690.0,4393.0,ch,0.581814168489856,813408787222.499,93446.4344518943,5.013,1.24619196669597,5.39188804141473,7.07340304784119,800495604747.336
Switzerland,2022.0,3045631.0,1961.0,ch,2.83502798644463,818426550206.45,93245.7952120851,4.122,2.4971595038279,2.56832817834069,8.83701935773527,801895036040.353
Switzerland,2023.0,66478.0,288.0,ch,2.13540088016377,884940402230.409,99564.710026145,4.043,1.02331402592833,0.716066868695833,5.3624904490089,860241113084.629
Switzerland,2024.0,28897.0,0.0,ch,1.06234041976595,9177937750079.96,23504.664057106962,4.11,3.2059769336673436,4.525794629994259,1.193549912283165,9142202588523.14
Switzerland,2025.0,6045.0,0.0,ch,1.9468223766859065,538734323085.5884,12080.425203317762,9.136666666666667,39.07854243302407,-0.5999181626396833,-3.5935034123862333,521153767021.36395
Syrian Arab Republic,2017.0,0.0,0.0,sy,18.0752696281771,16369843352.3453,851.502005254153,13.597,37.2209382232321,-0.723281777470547,-15.031885873789927,15776320913.866
Syrian Arab Republic,2018.0,0.0,0.0,sy,0.940983843906769,21497782867.6426,1098.0668642357,13.497,13.1879402830296,1.39317607830837,-10.877131741185003,20708643151.976
Syrian Arab Republic,2019.0,0.0,0.0,sy,13.4175653228571,22583045060.0821,1109.53926036049,13.36,19.8313540100224,1.22070522070523,-10.877131741185003,21724169919.4071
Syrian Arab Republic,2020.0,11344.0,704.0,sy,5.2559148964310936,12047752036.091,572.355289831901,15.191,61.5864142890263,-0.697154504235129,-21.094817978852262,11545828324.1689
Syrian Arab Republic,2021.0,38899.0,2189.0,sy,2.31425699138773,14353205678.4991,663.614245706815,14.877,118.274086326127,1.85421590064124,-21.094817978852262,13831790420.3696
Syrian Arab Republic,2022.0,7180.0,270.0,sy,2.4211608484832032,23622827079.5047,1051.67149587463,13.268,112.14365352308,0.732781301861365,-15.637565605385428,22818123249.5906
Syrian Arab Republic,2023.0,0.0,0.0,sy,2.554233037969812,16608801798.988466,1849.279733011051,13.187,1.9752454489124902,2.5462766841269335,-16.028488031906782,16769267129.542799
Syrian Arab Republic,2024.0,0.0,0.0,sy,2.554233037969812,16608801798.988466,1849.279733011051,12.962,1.9752454489124902,2.5462766841269335,-16.028488031906782,16769267129.542799
Syrian Arab Republic,2025.0,0.0,0.0,sy,2.554233037969812,16608801798.988466,1849.279733011051,11.998666666666665,1.9752454489124902,2.5462766841269335,-16.028488031906782,16769267129.542799
Tajikistan,2017.0,0.0,0.0,tj,3.33150480787511,7536402852.85802,829.45714764957,11.487,9.80546714084267,7.10000041864309,2.10935261893798,8637196303.70133
Tajikistan,2018.0,0.0,0.0,tj,3.33150480787511,7764999999.45362,834.288404578801,11.437,2.49222755648458,7.5999988895536,-4.889664631378,8990673043.81483
Tajikistan,2019.0,0.0,0.0,tj,3.33150480787511,8300813599.3084,871.022372934846,11.419,3.65868395013121,7.40000016310556,-2.23224918510585,9631287021.79045
Tajikistan,2020.0,13665.0,90.0,tj,2.8469919374264294,8133963550.65742,834.311715460625,12.321,1.65596010469615,4.40000111553493,4.34918092627649,9498106073.45013
Tajikistan,2021.0,3828.0,35.0,tj,9.279222092620646,8937805347.13963,896.748053372182,12.333,10.0445095549154,9.39999955037523,8.22937866606437,10758910057.1676
Tajikistan,2022.0,293.0,0.0,tj,12.306301261105398,10713525200.3998,1052.17949484894,11.634,8.26227281475744,8.00000033846364,15.2573634253921,14210918854.2368
Tajikistan,2023.0,0.0,0.0,tj,119.53150797388173,12060602008.8478,1160.81187026311,11.546,2.18821998125314,8.29999921651935,4.84239885438264,15143750556.1562
Tajikistan,2024.0,0.0,0.0,tj,2.554233037969812,16608801798.988466,1849.279733011051,11.635,1.9752454489124902,2.5462766841269335,-16.028488031906782,16769267129.542799
Tajikistan,2025.0,0.0,0.0,tj,2.554233037969812,16608801798.988466,1849.279733011051,11.998666666666665,1.9752454489124902,2.5462766841269335,-16.028488031906782,16769267129.542799
Thailand,2017.0,0.0,0.0,th,0.665631893135106,456356813536.764,6413.09182530343,0.83,1.8999449899777,4.1776810321001,9.63103019182142,435913240648.276
Thailand,2018.0,0.0,0.0,th,1.06389754183015,506754208404.485,7099.77650081458,0.765,1.42858616420727,4.22287028746071,5.61986314598972,482264933708.604
Thailand,2019.0,0.0,0.0,th,0.706728601314311,543976691793.886,7605.69657797759,0.716,1.01442340642497,2.11455779628278,7.03272640328298,523977887377.21
Thailand,2020.0,6884.0,61.0,th,-0.845937147357041,500461898480.246,6985.64393892574,1.099,-1.29877505741581,-6.05003846851622,4.18282861454669,489367035950.047
Thailand,2021.0,2216551.0,21637.0,th,1.23039541318384,506256494297.34,7058.0694998852,1.215,1.77107226345396,1.56818176501186,-2.11799444006618,488672219203.916
Thailand,2022.0,2500484.0,11971.0,th,6.07741228434321,495645210972.751,6909.35997481451,0.94,4.76699578735654,2.46276934050356,-3.46252016627717,481390360909.718
Thailand,2023.0,38456.0,848.0,th,1.22802623546169,514968699239.005,7182.02525812415,0.733,1.22023811822058,1.88725725050934,1.43923468240437,503339156913.529
Thailand,2024.0,46079.0,224.0,th,1.5049439792764752,9177937750079.96,23504.664057106962,0.693,3.2059769336673436,4.525794629994259,1.193549912283165,9142202588523.14
Thailand,2025.0,610070.0,251.0,th,5.999099332038663,295154297508.1502,32314.457415012006,15.396,4.0020147113161775,4.666934621587637,1.4954919546759815,295378743102.4749
Timor-Leste,2017.0,0.0,0.0,tl,0.557215537430361,1584878400.0,1266.17767952941,4.248,-0.212799455428609,-3.18241522489195,-21.3947164358606,2257643600.0
Timor-Leste,2018.0,0.0,0.0,tl,2.63647201015892,1555988600.0,1219.46598597604,3.778,-1.36269499343967,-0.466502170658785,-12.2846134533332,2235769200.0
Timor-Leste,2019.0,0.0,0.0,tl,0.958812739703141,2032550400.0,1562.36458881813,3.097,5.16428345869988,24.2128840085001,26.381513142775,2869483800.0
Timor-Leste,2020.0,44.0,0.0,tl,0.495499215459571,2162619200.0,1630.86935439232,2.782,-19.2266531049002,31.7257416721413,21.229617232887,2368614800.0
Timor-Leste,2021.0,19793.0,122.0,tl,3.69792094666786,3624889700.0,2684.82704373402,2.344,59.0838497110713,5.363126627216,42.0530540476572,3463610300.0
Timor-Leste,2022.0,3560.0,16.0,tl,7.00530945399787,3208594000.0,2343.24524664152,1.537,11.4585263071185,-20.584244040573,14.7729942622211,3056814200.0
Timor-Leste,2023.0,63.0,0.0,tl,8.42035103310377,2079916900.0,1502.51963828284,1.521,-20.8334380271277,-18.1178133769718,-0.833268209094825,2435124200.0
Timor-Leste,2024.0,0.0,0.0,tl,2.06284153005468,16608801798.988466,1849.279733011051,1.603,1.9752454489124902,2.5462766841269335,-16.028488031906782,16769267129.542799
Timor-Leste,2025.0,0.0,0.0,tl,2.554233037969812,16608801798.988466,1849.279733011051,11.998666666666665,1.9752454489124902,2.5462766841269335,-16.028488031906782,16769267129.542799
Togo,2017.0,0.0,0.0,tg,-0.981889868943119,6387422517.69225,792.765487219069,3.744,-0.88495153357762,4.00813326162304,-1.51302493622226,6392420306.8336
Togo,2018.0,0.0,0.0,tg,0.927755426457183,7029300383.08031,851.130806891807,2.898,0.454262222511389,4.7950602703237,-2.6297295084107,7048636180.15906
Togo,2019.0,0.0,0.0,tg,0.674652770077436,6992700101.37188,826.260654099894,2.036,0.01194354395939,4.92292591685973,-0.792877888994647,7014819501.26785
Togo,2020.0,3611.0,68.0,tg,1.69928463299408,7400284167.78479,853.578220263722,2.225,1.93311361980237,1.99215501870344,-0.280228713572482,7443023219.44051
Togo,2021.0,26552.0,180.0,tg,4.1862150652352,8342243645.94438,939.613373786407,2.333,2.46636746396649,5.99087610392314,-21.094817978852262,8360888241.21407
Togo,2022.0,9180.0,42.0,tg,7.96757361617945,8169476148.95692,898.758154410712,1.965,4.15581315078867,5.75954251521733,-15.637565605385428,8209395367.78443
Togo,2023.0,184.0,0.0,tg,5.48928568141124,9171261837.57103,985.697512629974,1.948,2.59456529883668,6.40792215636242,-9.1093864282044,9210663736.52824
Togo,2024.0,10.0,0.0,tg,2.554233037969812,16608801798.988466,1849.279733011051,1.94,1.9752454489124902,2.5462766841269335,-16.028488031906782,16769267129.542799
Togo,2025.0,16.0,0.0,tg,2.554233037969812,16608801798.988466,1849.279733011051,11.998666666666665,1.9752454489124902,2.5462766841269335,-16.028488031906782,16769267129.542799
Tonga,2017.0,0.0,0.0,to,7.51706283551115,459976850.268529,4365.92932788383,2.131,5.57528645959195,3.2023165092282,-7.16886524537565,478466492.219384
Tonga,2018.0,0.0,0.0,to,5.03209691984874,489714518.002333,4638.89774268789,2.248,4.93734088158944,0.68755058264442,-7.00705930095622,513202722.735666
Tonga,2019.0,0.0,0.0,to,1.17954334821808,494197841.113077,4676.84790348236,2.157,4.72800475373694,-0.208437487640992,-3.82718576475115,526879021.145671
Tonga,2020.0,0.0,0.0,to,-0.349737696727496,496856295.76752,4700.44932800575,2.699,0.43844596361491,1.78339492959161,-5.727860202779,532612592.38838
Tonga,2021.0,1.0,0.0,to,5.64051140636751,518228012.09129,4912.57950603175,2.111,2.47456266775067,0.362601971842835,-6.24863342333041,547916482.146257
Tonga,2022.0,16411.0,12.0,to,10.9713652903022,518180042.241509,4933.07479143113,2.302,2.07802980858338,-2.30986002720401,-5.35510114772662,543800039.252933
Tonga,2023.0,537.0,0.0,to,6.35112980255189,170399070970.07272,4118.6517339046,2.262,9.469120786382435,1.8175956863047718,-5.91407096220153,166961510329.8563
Tonga,2024.0,43.0,1.0,to,3.18364611260058,16608801798.988466,1849.279733011051,2.192,1.9752454489124902,2.5462766841269335,-16.028488031906782,16769267129.542799
Tonga,2025.0,0.0,0.0,to,2.554233037969812,16608801798.988466,1849.279733011051,11.998666666666665,1.9752454489124902,2.5462766841269335,-16.028488031906782,16769267129.542799
Trinidad and Tobago,2017.0,0.0,0.0,tt,1.88038440183532,24040211327.4898,17720.4972365332,3.394,8.21366055257951,-4.80082842878679,5.8618127618128,24089211146.7986
Trinidad and Tobago,2018.0,0.0,0.0,tt,1.01856930188822,24569257295.0918,18076.3565550233,3.498,2.68705726829177,-0.602464842311747,6.61738967605014,23869252229.184
Trinidad and Tobago,2019.0,0.0,0.0,tt,1.00054293027237,23775659262.5735,17431.0269266696,3.523,-3.81228212859769,0.3612724057636,4.29070730788455,23168661689.018
Trinidad and Tobago,2020.0,7132.0,126.0,tt,0.598986330824643,20807716174.0546,15224.5083495616,4.206,-3.79188317365001,-9.07787689348437,-6.51878691125941,19752108819.1724
Trinidad and Tobago,2021.0,83697.0,2699.0,tt,2.05922746915458,24496397204.7176,17912.5106245714,4.446,19.0933595979048,-1.03742621022469,10.7334492622031,24104698950.8074
Trinidad and Tobago,2022.0,95204.0,1458.0,tt,5.82838638517959,30053446092.0128,22004.1997884125,4.383,20.8145233815985,1.48223484044745,17.449203574133,28331453485.7122
Trinidad and Tobago,2023.0,5463.0,107.0,tt,4.62930242419968,27372285697.9477,20016.1503008736,4.21,-10.183883266448,1.34767518168188,12.4094289457996,27877385692.585
Trinidad and Tobago,2024.0,0.0,0.0,tt,0.526884625776839,16608801798.988466,1849.279733011051,4.546,1.9752454489124902,2.5462766841269335,-16.028488031906782,16769267129.542799
Trinidad and Tobago,2025.0,0.0,0.0,tt,2.554233037969812,16608801798.988466,1849.279733011051,11.998666666666665,1.9752454489124902,2.5462766841269335,-16.028488031906782,16769267129.542799
Tunisia,2017.0,0.0,0.0,tn,5.30884839565844,42163530590.9462,3619.03247319953,15.33,4.71388569389377,2.23783867965943,-10.0143611259515,41171063372.4955
Tunisia,2018.0,0.0,0.0,tn,7.30759176031652,42686504459.801,3628.10366464236,15.459,7.92466367014788,2.62493010870395,-10.7946228980082,41650260477.7648
Tunisia,2019.0,0.0,0.0,tn,6.72007532863799,41905642418.825,3528.87213306798,17.153,7.13521222424285,1.58784665466504,-8.04912453318916,40813336000.5153
Tunisia,2020.0,137216.0,4620.0,tn,5.63415115897625,42491780918.361,3548.65363663803,17.656,6.80569317573834,-9.01193412390238,-6.01234016088557,41095052621.3235
Tunisia,2021.0,588626.0,20944.0,tn,5.706350208307,46812290143.344,3885.28166485296,16.611,4.51678033390613,4.7363207484732,-5.91736776692053,45582180787.9642
Tunisia,2022.0,421729.0,3720.0,tn,8.30646124447623,44579761022.8993,3678.40023411347,15.3,3.05495595357709,2.67331821840567,-8.9036859663426,43606718412.8313
Tunisia,2023.0,5790.0,139.0,tn,9.32899597507865,48529595416.6533,3977.69516639644,15.106,8.88763642233521,0.0391565674939329,-2.28832177631159,47219686954.8424
Tunisia,2024.0,0.0,0.0,tn,7.20661657168794,16608801798.988466,1849.279733011051,16.203,1.9752454489124902,2.5462766841269335,-16.028488031906782,16769267129.542799
Tunisia,2025.0,0.0,0.0,tn,2.554233037969812,16608801798.988466,1849.279733011051,11.998666666666665,1.9752454489124902,2.5462766841269335,-16.028488031906782,16769267129.542799
Turkmenistan,2017.0,0.0,0.0,tm,11.068748301509729,37926285714.2857,5828.4816623489,4.044,-1.54244268478659,6.50000004682975,-10.877131741185003,36352285714.2857
Turkmenistan,2018.0,0.0,0.0,tm,11.068748301509729,40765428571.4286,6125.05169712085,4.044,1.21087594013873,6.19999994137119,-10.877131741185003,39048469257.1429
Turkmenistan,2019.0,0.0,0.0,tm,11.74150839583512,45232857142.8571,6648.0348960628,4.043,4.38275226849976,6.30000004226711,-10.877131741185003,44588356857.1429
Turkmenistan,2020.0,0.0,0.0,tm,119.53150797388173,45818000000.0,6592.60146027748,4.501,-4.34974180757671,5.900000048526,-1.6296059817875632,45566594285.7143
Turkmenistan,2021.0,0.0,0.0,tm,11.74150839583512,50007428571.4286,7051.20211079213,4.459,2.77178000998204,6.20000001747076,-10.877131741185003,49698385714.2857
Turkmenistan,2022.0,0.0,0.0,tm,11.74150839583512,58972000000.0,8156.35211950774,4.109,11.0418828298503,6.19999993621698,-10.877131741185003,58199983628.5714
Turkmenistan,2023.0,0.0,0.0,tm,119.53150797388173,60628857142.8571,8232.65225980002,4.099,-3.2837127112537,6.30015758549871,-1.6296059817875632,60128502821.6963
Turkmenistan,2024.0,0.0,0.0,tm,2.554233037969812,16608801798.988466,1849.279733011051,4.304,1.9752454489124902,2.5462766841269335,-16.028488031906782,16769267129.542799
Turkmenistan,2025.0,0.0,0.0,tm,2.554233037969812,16608801798.988466,1849.279733011051,11.998666666666665,1.9752454489124902,2.5462766841269335,-16.028488031906782,16769267129.542799
Turks and Caicos Islands,2017.0,0.0,0.0,tc,2.3277281818569673,1028941663.2,25779.6122366146,1.8933333333333333,2.21538461538462,-2.5,3.40310184293133,1031041663.2
Turks and Caicos Islands,2018.0,0.0,0.0,tc,3.1554234201128772,1128749004.5304,27160.1579568902,2.061666666666667,3.87215550797131,5.61059358355325,15.300944527611,1125949004.5304
Turks and Caicos Islands,2019.0,0.0,0.0,tc,3.1554234201128772,1177285211.72521,27273.4376992357,2.061666666666667,-0.959943373384348,5.31092524837173,-1.6296059817875632,1149285211.72521
Turks and Caicos Islands,2020.0,865.0,6.0,tc,2.2757081997540225,774653669.315186,17452.6578046047,8.182333333333332,-10.1302434239062,-26.782932872099,-8.067993974795943,774953669.315186
Turks and Caicos Islands,2021.0,2418.0,20.0,tc,1.7039531005813526,1045782453.5755,23114.7902123091,4.553333333333334,23.8242458240874,9.02549747146406,-17.565051545445744,1050982453.5755
Turks and Caicos Islands,2022.0,3196.0,10.0,tc,7.752678196663168,1228794382.95121,26802.0673752091,13.397666666666666,10.6403018542625,6.19999948551566,-17.565051545445744,1225894382.95121
Turks and Caicos Islands,2023.0,231.0,4.0,tc,12.347005673245151,1402054390.94734,30348.8114409139,16.014666666666667,12.7470391990364,1.19999674543641,-3.327688191582269,1342454390.94734
Turks and Caicos Islands,2024.0,123.0,0.0,tc,2.554233037969812,16608801798.988466,1849.279733011051,11.998666666666665,1.9752454489124902,2.5462766841269335,-16.028488031906782,16769267129.542799
Turks and Caicos Islands,2025.0,87.0,1.0,tc,2.554233037969812,16608801798.988466,1849.279733011051,11.998666666666665,1.9752454489124902,2.5462766841269335,-16.028488031906782,16769267129.542799
Tuvalu,2017.0,0.0,0.0,tv,94.09987033371108,45276595.3533146,4165.66338700106,5.546666666666667,2.96996222836934,2.44839285714286,2.07288116287233,62753169.5532811
Tuvalu,2018.0,0.0,0.0,tv,4.425648039112306,48015259.8751356,4466.12034928245,5.546666666666667,7.29559359114998,1.38728384151602,60.9224209820659,69534791.9773583
Tuvalu,2019.0,0.0,0.0,tv,4.425648039112306,54123198.5662913,5115.13075950206,5.546666666666667,6.43874385090449,13.8220984406966,-22.1743644674463,72178098.5424471
Tuvalu,2020.0,0.0,0.0,tv,4.425648039112306,51746594.3148543,4976.11254109571,5.549666666666667,0.890825244312992,-4.27493206901397,16.3497212467754,70406824.1018247
Tuvalu,2021.0,0.0,0.0,tv,12.0029228125972,60196405.7138393,5905.08198095343,8.108333333333333,4.68476572711678,1.8041359113616,24.1420712684925,81175820.1474733
Tuvalu,2022.0,2779.0,0.0,tv,-1.4011064770448851,59065982.0873657,5911.32727055301,12.041333333333334,5.54755647980927,0.677309361438304,4.59319167015377,79595592.3155465
Tuvalu,2023.0,164.0,1.0,tv,5.21280139129773,62280311.5852172,6344.7750188689,14.619666666666665,6.0040987048763,3.85280919517032,-15.031885873789927,84217404.1356413
Tuvalu,2024.0,0.0,0.0,tv,2.554233037969812,16608801798.988466,1849.279733011051,11.998666666666665,1.9752454489124902,2.5462766841269335,-16.028488031906782,16769267129.542799
Tuvalu,2025.0,0.0,0.0,tv,2.554233037969812,16608801798.988466,1849.279733011051,11.998666666666665,1.9752454489124902,2.5462766841269335,-16.028488031906782,16769267129.542799
Uganda,2017.0,0.0,0.0,ug,5.20971705914209,30744473841.424,765.218332297361,3.428,4.64905081962502,3.13140551723596,-4.8845443027942,30021045436.8951
Uganda,2018.0,0.0,0.0,ug,2.61601190952274,32927025619.6795,792.16570022814,3.25,4.44338527166425,6.30392378262997,-6.33133624612692,32000683481.9778
Uganda,2019.0,0.0,0.0,ug,2.867588034469,35348155095.4215,822.057058189153,3.06,3.00001181631713,6.43874503276439,-7.44751739629259,34432253660.8401
Uganda,2020.0,35220.0,304.0,ug,3.31332289544502,37600368241.6657,845.766463890124,3.831,2.72148444149991,2.95130642218098,-9.56953393880005,36830875672.5288
Uganda,2021.0,107451.0,2993.0,ug,2.20457204757414,40529788748.6737,882.791717542504,3.422,2.54511929619305,3.53658034070898,-8.89447024348966,39643093796.5922
Uganda,2022.0,27219.0,333.0,ug,7.1957888597581,45565333210.9108,963.067314117178,2.886,4.92228673099149,4.58802192181773,-8.91895156607101,44595747451.055
Uganda,2023.0,1998.0,2.0,ug,5.35094804280395,48768955863.3175,1002.30913917142,2.787,6.74801516641013,5.33697295511469,-7.72302776084858,47796257769.3044
Uganda,2024.0,275.0,0.0,ug,3.3233806708656,152086838139.10095,3481.388420232403,2.941,2.732168173231121,2.749001067581723,-9.336553014427066,150228357435.71027
Uganda,2025.0,54.0,0.0,ug,2.554233037969812,16608801798.988466,1849.279733011051,11.998666666666665,1.9752454489124902,2.5462766841269335,-16.028488031906782,16769267129.542799
Ukraine,2017.0,0.0,0.0,ua,14.4383227488749,112090505081.739,2604.28759765625,9.5,22.0983174978017,2.35997228099491,-3.09838910750506,113717855579.016
Ukraine,2018.0,0.0,0.0,ua,10.9518559353178,130891088293.55,3059.0517578125,8.799,15.3985303493458,3.4883623420827,-4.9140091077667,132164741725.995
Ukraine,2019.0,0.0,0.0,ua,7.88671745611133,153883047509.577,3619.86157226563,8.194,8.24622626771318,3.19950386231294,-2.67995732261758,155795133939.49
Ukraine,2020.0,988108.0,15278.0,ua,2.73249209419427,156617722013.342,3709.76928710938,9.475,10.2949601365333,-3.7528179386597,3.36296552669264,160040031866.428
Ukraine,2021.0,2617976.0,77255.0,ua,9.36313917695223,199765859570.935,4775.94580078125,9.834,24.8047567705188,3.44562065700251,-1.94327499620701,193966075658.275
Ukraine,2022.0,1709592.0,15716.0,ua,20.1836366617478,161989520721.19,4199.6708984375,2.1543333333333337,34.9152851391436,-28.7585842132117,4.9237752939142,170470520722.365
Ukraine,2023.0,210004.0,1669.0,ua,12.8490222828559,178757021965.008,5069.703125,5.607333333333333,18.4804556382296,5.32433537426355,-5.35027933161258,183755021981.851
Ukraine,2024.0,16060.0,7.0,ua,6.50198464669254,1360601919184.7866,54296.55893252574,5.782666666666667,2.4692334657451904,1.679490259017429,-1.22947824443343,1323447842031.2634
Ukraine,2025.0,10837.0,4.0,ua,1.5689846304538282,1360601919184.7866,54296.55893252574,5.782666666666667,2.4692334657451904,1.679490259017429,-1.22947824443343,1323447842031.2634
United Arab Emirates,2017.0,0.0,0.0,ae,1.96682557818842,390516804016.501,42340.5917145576,2.462,4.98621314114183,0.735068713165646,-17.7796940400045,393294203608.06
United Arab Emirates,2018.0,0.0,0.0,ae,3.06863379251997,427049432149.345,45689.8570040215,2.236,7.93674803487896,1.31391388141118,-10.877131741185003,428473530175.213
United Arab Emirates,2019.0,0.0,0.0,ae,-1.93108114782173,417989721734.494,44251.4541390148,2.331,-3.19440940863002,1.10834813893099,-10.877131741185003,420051262918.973
United Arab Emirates,2020.0,206092.0,665.0,ae,-2.07940317940944,349473015336.939,37173.8754100281,4.294,-12.0313052945464,-4.95705243652739,-21.094817978852262,347594186201.473
United Arab Emirates,2021.0,553419.0,1497.0,ae,0.179935336174431,415178792769.884,43360.0211014806,3.105,13.8437703394455,4.35475529921305,-21.094817978852262,414443598760.354
United Arab Emirates,2022.0,287407.0,186.0,ae,5.29122604376849,502731935197.487,49899.0652978649,2.872,12.6298936875673,7.50969703221836,-21.094817978852262,502786394013.008
United Arab Emirates,2023.0,20112.0,1.0,ae,1.62670837213248,514130432653.081,49040.6947525825,2.151,-1.30420016236501,3.61870653547174,-21.094817978852262,517969779147.295
United Arab Emirates,2024.0,0.0,0.0,ae,2.554233037969812,16608801798.988466,1849.279733011051,2.133,1.9752454489124902,2.5462766841269335,-16.028488031906782,16769267129.542799
United Arab Emirates,2025.0,0.0,0.0,ae,2.554233037969812,16608801798.988466,1849.279733011051,11.998666666666665,1.9752454489124902,2.5462766841269335,-16.028488031906782,16769267129.542799
Uruguay,2017.0,0.0,0.0,uy,6.2180938256186,65006039994.56,19184.6626659717,7.89,5.68017140929055,1.74037648675632,0.0113261681498872,61449241065.8242
Uruguay,2018.0,0.0,0.0,uy,7.60653360377047,65344576348.2279,19249.9401532664,8.336,7.52556005706775,0.164777659980814,-0.460578522523158,61677734383.874
Uruguay,2019.0,0.0,0.0,uy,7.88198870879619,62222325807.0578,18315.7352857194,8.836,8.25633406013463,0.928351033363754,1.29326535028897,59174795690.0189
Uruguay,2020.0,17962.0,168.0,uy,9.75640636078194,53668636567.8667,15789.6857422214,10.413,10.9766432085298,-7.38014184479323,-0.727725470261437,50779391680.7962
Uruguay,2021.0,392349.0,6000.0,uy,7.74791402314762,60760798595.5436,17888.211510172,9.328,11.1806219609622,5.56189279343275,-2.46165158976317,54661497469.5644
Uruguay,2022.0,601677.0,1394.0,uy,9.10437983075437,70164683290.3776,20691.9738991763,7.877,4.24465355140362,4.70725761465232,-3.71115949105198,63181504841.7918
Uruguay,2023.0,25905.0,63.0,uy,5.86910359896119,77240830877.4597,22797.8111731861,8.355,3.4309701895517,0.3674751756175,-3.33526614947019,71753758290.6471
Uruguay,2024.0,4669.0,69.0,uy,4.84914366613156,538734323085.5884,12080.425203317762,8.401,39.07854243302407,-0.5999181626396833,-3.5935034123862333,521153767021.36395
Uruguay,2025.0,351.0,1.0,uy,6.629747058146063,152086838139.10095,3481.388420232403,11.628333333333332,2.732168173231121,2.749001067581723,-9.336553014427066,150228357435.71027
Uzbekistan,2017.0,0.0,0.0,uz,13.8757425441635,69703222282.7278,2190.60411562888,5.83,33.6793703839334,4.39527463345708,2.12025210569774,70916116486.5204
Uzbekistan,2018.0,0.0,0.0,uz,17.5241796514055,58695899092.1083,1813.08530813664,5.389,25.8811586348502,5.5591957292327,-6.12166433969794,60203452154.7622
Uzbekistan,2019.0,0.0,0.0,uz,14.5257359560687,67293639798.3996,2041.38480729431,4.932,17.5760106233835,6.77992399653822,-5.00972224414465,68029857950.0186
Uzbekistan,2020.0,9.0,0.0,uz,12.8677297362606,66443265418.3086,1978.28051860763,5.293,10.6103382243685,1.56334277259953,-4.55709801917972,66603341567.8173
Uzbekistan,2021.0,116776.0,860.0,uz,10.8492397508122,77340060003.0347,2258.51964119278,5.364,13.6929732776911,8.0346831263811,-6.33246372299443,77697421134.9422
Uzbekistan,2022.0,50507.0,156.0,uz,11.4466436998836,90095926567.4359,2578.66689394219,4.49,14.4626563512753,6.00134232206508,-3.15990083649044,90999134200.6793
Uzbekistan,2023.0,7789.0,0.0,uz,9.95659071258018,101591769702.343,2849.51461071911,4.46,12.6585380276262,6.29141635081155,-7.67757089689965,100818361933.577
Uzbekistan,2024.0,1.0,0.0,uz,9.62825465956682,16608801798.988466,1849.279733011051,4.488,1.9752454489124902,2.5462766841269335,-16.028488031906782,16769267129.542799
Uzbekistan,2025.0,50.0,0.0,uz,2.554233037969812,16608801798.988466,1849.279733011051,11.998666666666665,1.9752454489124902,2.5462766841269335,-16.028488031906782,16769267129.542799
Vanuatu,2017.0,0.0,0.0,vu,3.08452624403546,880061833.690341,3159.92716050347,5.287,5.36408692920448,6.31730538443077,-8.04743378288885,882373246.921585
Vanuatu,2018.0,0.0,0.0,vu,2.33096379566866,914736985.430944,3206.68930842127,5.326,3.20664527462094,2.90023027256446,3.23643954970647,941313836.51795
Vanuatu,2019.0,0.0,0.0,vu,2.76252019386111,936526267.622513,3207.44650452083,5.444,3.27936283046665,3.24118765540442,7.82580551277015,1070449523.89253
Vanuatu,2020.0,1.0,0.0,vu,5.32935073101715,909421043.508407,3042.98711598286,4.046,2.78534184329737,-4.99249142889525,-6.36202228392834,1013095042.46837
Vanuatu,2021.0,6.0,0.0,vu,2.34328358208953,950394006.532514,3107.20312858002,4.766,0.699715546543558,-1.55229489129462,-7.93891667204483,1087394696.32946
Vanuatu,2022.0,12007.0,14.0,vu,6.67930581887121,1022219297.50335,3265.39645133096,5.143,11.2255171861908,1.9160570121628,-12.4662029314868,1179535221.15768
Vanuatu,2023.0,5.0,0.0,vu,11.1825017088175,1126313359.21923,3515.23633611798,5.082,11.3100213269124,2.21294177094788,-15.031885873789927,1281011717.85655
Vanuatu,2024.0,0.0,0.0,vu,2.554233037969812,16608801798.988466,1849.279733011051,5.064,1.9752454489124902,2.5462766841269335,-16.028488031906782,16769267129.542799
Vanuatu,2025.0,0.0,0.0,vu,2.554233037969812,16608801798.988466,1849.279733011051,11.998666666666665,1.9752454489124902,2.5462766841269335,-16.028488031906782,16769267129.542799
Viet Nam,2017.0,0.0,0.0,vn,3.52025688811617,281353605986.903,2956.10992127753,1.874,4.36292014766431,6.94019037359206,-0.586095207209378,264356106349.992
Viet Nam,2018.0,0.0,0.0,vn,3.53962805942641,310106478394.659,3222.31003125366,1.161,3.62664730027259,7.46500685572751,1.90236367538642,294286042195.288
Viet Nam,2019.0,0.0,0.0,vn,2.7958236745225,334365270496.667,3440.90025375434,1.681,2.42322694229267,7.35926270105006,3.91824395534242,317567408001.614
Viet Nam,2020.0,1456.0,35.0,vn,3.22093436652514,346615738537.796,3534.03953482647,2.103,1.46747814810814,2.86541320912272,4.34486906553373,331798335389.682
Viet Nam,2021.0,1729801.0,32359.0,vn,1.83471554810444,366474752771.009,3704.1935590038,2.385,2.88076792900642,2.55372852648131,-1.26284279203588,347725576769.191
Viet Nam,2022.0,9793887.0,10792.0,vn,3.15650749963129,410324028883.325,4116.38576094153,1.523,4.05124231712631,8.12351446767343,0.341681183969525,390409525932.523
Viet Nam,2023.0,98856.0,20.0,vn,3.25289282667662,429716969043.572,4282.08851724506,1.645,1.90623130183931,5.0464307361882,6.01163134364857,407253969043.888
Viet Nam,2024.0,0.0,0.0,vn,3.62109273885843,16608801798.988466,1849.279733011051,1.431,1.9752454489124902,2.5462766841269335,-16.028488031906782,16769267129.542799
Viet Nam,2025.0,0.0,0.0,vn,2.554233037969812,16608801798.988466,1849.279733011051,11.998666666666665,1.9752454489124902,2.5462766841269335,-16.028488031906782,16769267129.542799
Zambia,2017.0,0.0,0.0,zm,6.57731154205644,25873601260.8353,1483.46577328065,4.529,10.0728370854916,3.52586277149926,-1.68127057617849,24726787496.7166
Zambia,2018.0,0.0,0.0,zm,7.4945719272852,26311507273.6735,1463.89997855593,5.033,7.41157094843257,4.03449389667165,-1.30116677554112,25904703273.4567
Zambia,2019.0,0.0,0.0,zm,9.15031644316296,23308667781.2258,1258.98619844462,5.542,7.63347048076743,1.44130602603785,0.603690808802687,22904080806.827
Zambia,2020.0,20462.0,386.0,zm,15.7330604721369,18137764930.651,951.644316655957,6.033,13.9138706178858,-2.78505506545167,11.790957110182,17628788924.0422
Zambia,2021.0,228731.0,3344.0,zm,22.0207676245777,22096416932.0089,1127.16077872857,5.199,25.1427776148297,6.23492204726448,11.9003513535048,20174571689.6587
Zambia,2022.0,85003.0,293.0,zm,10.9932039209136,29163782140.4858,1447.12310138035,5.995,6.14031838965083,5.21122360356247,3.74784661580664,27416151733.2391
Zambia,2023.0,15108.0,46.0,zm,10.884531691282,27577956471.244,1330.72780576709,5.905,7.09462960303757,5.36794285493059,-2.11297552403751,26271802177.2987
Zambia,2024.0,588.0,9.0,zm,14.919256523489253,170399070970.07272,4118.6517339046,5.961,9.469120786382435,1.8175956863047718,-3.3041732200028537,166961510329.8563
Zambia,2025.0,0.0,0.0,zm,2.554233037969812,16608801798.988466,1849.279733011051,11.998666666666665,1.9752454489124902,2.5462766841269335,-16.028488031906782,16769267129.542799
Zimbabwe,2017.0,0.0,0.0,zw,0.893962316050027,51074660513.3715,3448.08253696926,6.344,199.324940858088,4.08026390333053,-0.530970477956574,49083524563.1561
Zimbabwe,2018.0,0.0,0.0,zw,10.6188658669575,34156069918.0609,2271.8533351306,6.793,3.55429024176341,5.00986678330221,-4.03918326353945,33442898974.5351
Zimbabwe,2019.0,0.0,0.0,zw,255.304990757856,25717409842.4479,1684.02790388182,7.373,225.394648207397,-6.33244640703352,3.57917851669349,25261574788.7573
Zimbabwe,2020.0,13625.0,360.0,zw,557.201817362051,26867936444.6826,1730.41348946953,8.621,604.945864228018,-7.81695064681365,4.08017788104783,26329744652.409
Zimbabwe,2021.0,198103.0,4637.0,zw,98.5461050920624,27240515108.8049,1724.38773104902,9.54,113.294980646573,8.46801689759531,1.27829974854611,26621784726.578
Zimbabwe,2022.0,48372.0,640.0,zw,104.705170628667,32789751736.3323,2040.55245910726,10.087,266.987151680516,6.13926326513234,0.930064172591628,32026941089.1516
Zimbabwe,2023.0,5971.0,94.0,zw,4.524283155684923,35231367885.8554,2156.0340040333,8.759,921.535651645931,5.33673049519527,0.379995091063515,34796066708.9415
Zimbabwe,2024.0,331.0,9.0,zw,6.629747058146063,152086838139.10095,3481.388420232403,8.554,2.732168173231121,2.749001067581723,-9.336553014427066,150228357435.71027
Zimbabwe,2025.0,34.0,0.0,zw,2.554233037969812,16608801798.988466,1849.279733011051,11.998666666666665,1.9752454489124902,2.5462766841269335,-16.028488031906782,16769267129.542799
